timestamp,project_name,run_id,experiment_id,duration,emissions,emissions_rate,cpu_power,gpu_power,ram_power,cpu_energy,gpu_energy,ram_energy,energy_consumed,water_consumed,country_name,country_iso_code,region,cloud_provider,cloud_region,os,python_version,codecarbon_version,cpu_count,cpu_model,gpu_count,gpu_model,longitude,latitude,ram_total_size,tracking_mode,cpu_utilization_percent,gpu_utilization_percent,ram_utilization_percent,ram_used_gb,on_cloud,pue,wue
2026-05-18T19:58:12,codecarbon,62b1574f-c755-4c74-b1f6-53abb8192e66,5b0fa12a-3dd7-45bb-9766-cc326314d9f1,9538.18560564518,0.3209475282467312,3.3648698139903906e-05,51.397341153988,248.9683297655148,70.0,0.1315788591756823,0.6596864216376161,0.1791915078910688,0.9704567887043682,0.0,Italy,ITA,the marches,,,Linux-5.15.0-140-generic-x86_64-with-glibc2.35,3.10.12,3.2.7,72,Intel(R) Xeon(R) Gold 6254 CPU @ 3.10GHz,1,1 x NVIDIA RTX A6000,13.5086,43.5939,503.494068145752,machine,8.772670937926662,77.63302174141371,6.016563386198683,26.34717084069097,N,1.0,0.0
2026-05-18T22:05:37,codecarbon,7b681249-d9db-4854-9ba8-1b623e0dfff4,5b0fa12a-3dd7-45bb-9766-cc326314d9f1,7632.9106854610145,0.2634479665012691,3.4514745076616515e-05,57.99883461551403,252.03289590177624,70.0,0.1188123487190676,0.5344067272473012,0.1433748998718646,0.796593975838234,0.0,Italy,ITA,the marches,,,Linux-5.15.0-140-generic-x86_64-with-glibc2.35,3.10.12,3.2.7,72,Intel(R) Xeon(R) Gold 6254 CPU @ 3.10GHz,1,1 x NVIDIA RTX A6000,13.5086,43.5939,503.494068145752,machine,9.165052493438322,78.99343832020998,5.529461942257089,23.905703178666084,N,1.0,0.0
2026-05-18T22:37:41,codecarbon,16aee49f-c646-4f40-ae5e-f3edda425528,5b0fa12a-3dd7-45bb-9766-cc326314d9f1,1913.682548146695,0.0635753887403261,3.322149162194938e-05,57.55228860048268,238.15298062118308,70.0,0.0295669951368032,0.126718912208446,0.0359485302732843,0.1922344376185335,0.0,Italy,ITA,the marches,,,Linux-5.15.0-140-generic-x86_64-with-glibc2.35,3.10.12,3.2.7,72,Intel(R) Xeon(R) Gold 6254 CPU @ 3.10GHz,1,1 x NVIDIA RTX A6000,13.5086,43.5939,503.494068145752,machine,10.357682223387528,72.51074986890404,5.254011536444644,22.607600477645708,N,1.0,0.0
2026-05-19T01:13:57,codecarbon,f7b905fb-42ba-4a28-99a6-58940ac21236,5b0fa12a-3dd7-45bb-9766-cc326314d9f1,9364.59143061936,0.3231578805578232,3.45084868840295e-05,58.82374424768084,251.01235181471785,70.0,0.1478564054323411,0.653374091587807,0.1759097873242882,0.9771402843444358,0.0,Italy,ITA,the marches,,,Linux-5.15.0-140-generic-x86_64-with-glibc2.35,3.10.12,3.2.7,72,Intel(R) Xeon(R) Gold 6254 CPU @ 3.10GHz,1,1 x NVIDIA RTX A6000,13.5086,43.5939,503.494068145752,machine,9.432267037552169,79.62629720766022,5.55331122285194,24.032665089845683,N,1.0,0.0
2026-05-19T03:29:22,codecarbon,dd168ea5-e271-48e1-ae8b-059f0cb80c5e,5b0fa12a-3dd7-45bb-9766-cc326314d9f1,8113.286782320589,0.3323151610928331,4.095937565241386e-05,138.9708445632073,243.98880892348868,70.0,0.3025070864526384,0.5499624252473723,0.1523598628512169,1.0048293745512282,0.0,Italy,ITA,the marches,,,Linux-5.15.0-140-generic-x86_64-with-glibc2.35,3.10.12,3.2.7,72,Intel(R) Xeon(R) Gold 6254 CPU @ 3.10GHz,1,1 x NVIDIA RTX A6000,13.5086,43.5939,503.494068145752,machine,13.668855905998738,75.00680272108843,6.132578849721729,26.97940218234844,N,1.0,0.0
2026-05-19T04:05:20,codecarbon,0c50e6d1-1acf-4308-a64e-005ad20089a9,5b0fa12a-3dd7-45bb-9766-cc326314d9f1,2143.933684684336,0.0905003021723362,4.221226748702405e-05,172.84375219120463,224.91012607393864,70.0,0.0994490471594677,0.1339362179821819,0.0402626831778739,0.2736479483195238,0.0,Italy,ITA,the marches,,,Linux-5.15.0-140-generic-x86_64-with-glibc2.35,3.10.12,3.2.7,72,Intel(R) Xeon(R) Gold 6254 CPU @ 3.10GHz,1,1 x NVIDIA RTX A6000,13.5086,43.5939,503.494068145752,machine,18.723885499765377,64.44814641013609,6.322806194274988,28.03615198802187,N,1.0,0.0
2026-05-19T07:00:37,codecarbon,e59ce2e2-6dfa-4be5-9941-7f0981528cf1,5b0fa12a-3dd7-45bb-9766-cc326314d9f1,10504.122419323772,0.457648246393792,4.356844181022542e-05,175.16627007838787,236.95632306327863,70.0,0.49440697364092,0.6918450345866631,0.1975500418386113,1.3838020500661954,0.0,Italy,ITA,the marches,,,Linux-5.15.0-140-generic-x86_64-with-glibc2.35,3.10.12,3.2.7,72,Intel(R) Xeon(R) Gold 6254 CPU @ 3.10GHz,1,1 x NVIDIA RTX A6000,13.5086,43.5939,503.494068145752,machine,16.6120791889824,72.09707345065034,6.66278691660322,29.658501426591705,N,1.0,0.0
2026-05-19T09:19:03,codecarbon,d29e67f5-9df7-43d4-9805-0d84b87df5dc,5b0fa12a-3dd7-45bb-9766-cc326314d9f1,8291.894067138433,0.3075277952235694,3.7087762184798205e-05,97.1516293492938,242.1206438821196,70.0,0.216363358742234,0.5577387211906171,0.1557771380824036,0.9298792180152562,0.0,Italy,ITA,the marches,,,Linux-5.15.0-140-generic-x86_64-with-glibc2.35,3.10.12,3.2.7,72,Intel(R) Xeon(R) Gold 6254 CPU @ 3.10GHz,1,1 x NVIDIA RTX A6000,13.5086,43.5939,503.494068145752,machine,8.138853965183788,74.41066247582205,5.56240328820154,24.08045024290768,N,1.0,0.0
2026-05-19T09:52:07,codecarbon,c4b1ec3a-0618-4d12-9659-3dc10dbe803e,5b0fa12a-3dd7-45bb-9766-cc326314d9f1,1974.062075603753,0.0620123921895885,3.1413597857920694e-05,40.03871140472395,235.5116183581433,70.0,0.0212065816075487,0.1292299064393773,0.0370718791710316,0.1875083672179577,0.0,Italy,ITA,the marches,,,Linux-5.15.0-140-generic-x86_64-with-glibc2.35,3.10.12,3.2.7,72,Intel(R) Xeon(R) Gold 6254 CPU @ 3.10GHz,1,1 x NVIDIA RTX A6000,13.5086,43.5939,503.494068145752,machine,3.198323170731708,71.3694105691057,4.702134146341501,19.800595545187228,N,1.0,0.0
2026-05-19T12:29:51,codecarbon,dafdf222-9cfb-432d-b5c0-ba5873ccd383,5b0fa12a-3dd7-45bb-9766-cc326314d9f1,9454.02221640572,0.3071501913253628,3.248883748044933e-05,40.02227749518224,247.18992522500704,70.0,0.1015618388723648,0.6495515593630898,0.1776240497575866,0.9287374479930416,0.0,Italy,ITA,the marches,,,Linux-5.15.0-140-generic-x86_64-with-glibc2.35,3.10.12,3.2.7,72,Intel(R) Xeon(R) Gold 6254 CPU @ 3.10GHz,1,1 x NVIDIA RTX A6000,13.5086,43.5939,503.494068145752,machine,3.104950180199272,80.25959296162816,5.587417850328079,24.152529532711764,N,1.0,0.0
2026-05-19T14:36:41,codecarbon,848bd631-e3d8-415e-8991-bf1a8af59abe,5b0fa12a-3dd7-45bb-9766-cc326314d9f1,7599.46882128343,0.2483674745376904,3.268221508352016e-05,40.02258655544125,249.431454329688,70.0,0.0816266164512779,0.5266185676833857,0.142749544116265,0.750994728250928,0.0,Italy,ITA,the marches,,,Linux-5.15.0-140-generic-x86_64-with-glibc2.35,3.10.12,3.2.7,72,Intel(R) Xeon(R) Gold 6254 CPU @ 3.10GHz,1,1 x NVIDIA RTX A6000,13.5086,43.5939,503.494068145752,machine,3.1581729501713616,81.20616925916161,4.894582124967289,20.67577239412951,N,1.0,0.0
2026-05-19T15:08:38,codecarbon,5a4168f7-a5ed-4ad8-b4f1-3471d4a63dc3,5b0fa12a-3dd7-45bb-9766-cc326314d9f1,1907.357011470944,0.0607128669495782,3.183088775957932e-05,40.02179945960548,238.3056378176988,70.0,0.0206523392835119,0.1268090475583108,0.0361175745378972,0.18357896137972,0.0,Italy,ITA,the marches,,,Linux-5.15.0-140-generic-x86_64-with-glibc2.35,3.10.12,3.2.7,72,Intel(R) Xeon(R) Gold 6254 CPU @ 3.10GHz,1,1 x NVIDIA RTX A6000,13.5086,43.5939,503.494068145752,machine,3.0157728706624627,73.32597266035752,4.583648790746608,19.1961831154006,N,1.0,0.0
2026-05-20T13:43:26,codecarbon,d07e76ef-6d36-47ac-9fd7-b291c98cf062,5b0fa12a-3dd7-45bb-9766-cc326314d9f1,9757.45078831166,0.3412064195459796,3.496880762695795e-05,69.12974277105931,246.1420908000767,70.0,0.1809869184105413,0.6674590467446251,0.1832681222122577,1.0317140873674235,0.0,Italy,ITA,the marches,,,Linux-5.15.0-140-generic-x86_64-with-glibc2.35,3.10.12,3.2.7,72,Intel(R) Xeon(R) Gold 6254 CPU @ 3.10GHz,1,1 x NVIDIA RTX A6000,13.5086,43.5939,503.494068145752,machine,8.318334873216305,76.69079149984601,7.223970844882422,32.39052879099312,N,1.0,0.0
2026-05-20T16:32:36,codecarbon,cb36534c-2e68-4e88-8d5b-e8e41bcbdbdc,5b0fa12a-3dd7-45bb-9766-cc326314d9f1,10137.365559961649,0.4325253048331032,4.2666440533761286e-05,161.05072951616663,241.2826590074405,70.0,0.4378673434050372,0.6795762722717313,0.1903935895346312,1.3078372052113982,0.0,Italy,ITA,the marches,,,Linux-5.15.0-140-generic-x86_64-with-glibc2.35,3.10.12,3.2.7,72,Intel(R) Xeon(R) Gold 6254 CPU @ 3.10GHz,1,1 x NVIDIA RTX A6000,13.5086,43.5939,503.494068145752,machine,13.344726156284034,73.79380013865504,7.750321877785524,34.651915098471584,N,1.0,0.0
2026-05-20T19:19:37,codecarbon,5ad41348-6526-4a0a-bf47-28aa24174173,5b0fa12a-3dd7-45bb-9766-cc326314d9f1,10007.232578959316,0.377356946686074,3.770842175483011e-05,103.63581147834525,242.70737549426133,70.0,0.2784959557842611,0.6745232857292649,0.1880040674266405,1.1410233089401665,0.0,Italy,ITA,the marches,,,Linux-5.15.0-140-generic-x86_64-with-glibc2.35,3.10.12,3.2.7,72,Intel(R) Xeon(R) Gold 6254 CPU @ 3.10GHz,1,1 x NVIDIA RTX A6000,13.5086,43.5939,503.494068145752,machine,12.482352351348608,74.71222300210569,8.574731775794632,37.94969068997891,N,1.0,0.0
2026-05-20T22:03:23,codecarbon,79673486-95ac-47d5-a81c-99914de8699f,5b0fa12a-3dd7-45bb-9766-cc326314d9f1,9813.893530219792,0.3385007457322934,3.449199287621702e-05,64.74782063545459,245.10686878466976,70.0,0.1705717087112737,0.668600774880133,0.1843603925516932,1.0235328761430993,0.0,Italy,ITA,the marches,,,Linux-5.15.0-140-generic-x86_64-with-glibc2.35,3.10.12,3.2.7,72,Intel(R) Xeon(R) Gold 6254 CPU @ 3.10GHz,1,1 x NVIDIA RTX A6000,13.5086,43.5939,503.494068145752,machine,10.449090909090913,76.27722165474974,8.469918283963139,37.40342319476836,N,1.0,0.0
2026-05-21T00:47:33,codecarbon,21a087da-ce5e-4912-a9fd-d299f7c47a41,5b0fa12a-3dd7-45bb-9766-cc326314d9f1,9839.315750285985,0.3391136039052579,3.4465161248169266e-05,64.70263666155101,245.018552287026,70.0,0.1708571291655288,0.6697073560432045,0.1848215049861102,1.025385990194842,0.0,Italy,ITA,the marches,,,Linux-5.15.0-140-generic-x86_64-with-glibc2.35,3.10.12,3.2.7,72,Intel(R) Xeon(R) Gold 6254 CPU @ 3.10GHz,1,1 x NVIDIA RTX A6000,13.5086,43.5939,503.494068145752,machine,10.258282396087983,76.00550122249389,8.28669519152411,36.47945954455723,N,1.0,0.0
2026-05-21T03:31:32,codecarbon,441fa026-f6c1-4f88-ba0a-22e81abeb79b,5b0fa12a-3dd7-45bb-9766-cc326314d9f1,9827.945947304368,0.33938364353423,3.453251018615105e-05,64.81566427855716,245.27937945592788,70.0,0.171226353668205,0.6700619541046535,0.1849142077667536,1.0262025155396135,0.0,Italy,ITA,the marches,,,Linux-5.15.0-140-generic-x86_64-with-glibc2.35,3.10.12,3.2.7,72,Intel(R) Xeon(R) Gold 6254 CPU @ 3.10GHz,1,1 x NVIDIA RTX A6000,13.5086,43.5939,503.494068145752,machine,10.568706026307725,76.12562455389008,8.244896502498243,36.28237625484597,N,1.0,0.0
2026-05-21T06:16:40,codecarbon,617a7ac0-7ad0-4def-9213-8bb55ceec837,5b0fa12a-3dd7-45bb-9766-cc326314d9f1,9896.19240533188,0.3402530244969515,3.438221596354874e-05,64.58224777685615,244.17786111789948,70.0,0.1715423846402609,0.6713860626639416,0.1859028364388997,1.028831283743103,0.0,Italy,ITA,the marches,,,Linux-5.15.0-140-generic-x86_64-with-glibc2.35,3.10.12,3.2.7,72,Intel(R) Xeon(R) Gold 6254 CPU @ 3.10GHz,1,1 x NVIDIA RTX A6000,13.5086,43.5939,503.494068145752,machine,10.408271742431891,75.4601599676015,8.20206540447505,36.05046639206367,N,1.0,0.0
2026-05-21T08:59:16,codecarbon,d2a06734-14f9-41b7-91bc-6201bfdef07d,5b0fa12a-3dd7-45bb-9766-cc326314d9f1,9743.372845839707,0.3367069844075551,3.455753872246863e-05,64.6839752355381,245.91407324846327,70.0,0.1691617518045684,0.6659234152383533,0.1830238696818861,1.018109036724808,0.0,Italy,ITA,the marches,,,Linux-5.15.0-140-generic-x86_64-with-glibc2.35,3.10.12,3.2.7,72,Intel(R) Xeon(R) Gold 6254 CPU @ 3.10GHz,1,1 x NVIDIA RTX A6000,13.5086,43.5939,503.494068145752,machine,10.50056561085972,76.6996092143151,8.434718222953482,37.21876576995222,N,1.0,0.0
2026-05-21T19:12:01,codecarbon,cd26dfae-2c84-40b5-b87f-dcbd12e5cc2e,5b0fa12a-3dd7-45bb-9766-cc326314d9f1,9789.095052476972,0.3384727394567363,3.4576509640806e-05,64.8883590436613,245.97023436698663,70.0,0.170488713371611,0.6690582608017053,0.1839012187183213,1.0234481928916372,0.0,Italy,ITA,the marches,,,Linux-5.15.0-140-generic-x86_64-with-glibc2.35,3.10.12,3.2.7,72,Intel(R) Xeon(R) Gold 6254 CPU @ 3.10GHz,1,1 x NVIDIA RTX A6000,13.5086,43.5939,503.494068145752,machine,10.646857084357055,76.22082309582309,8.022696560196568,35.1490528296487,N,1.0,0.0
2026-05-21T21:24:33,codecarbon,2577a3f5-ed6c-4038-9ee7-482d037378d9,5b0fa12a-3dd7-45bb-9766-cc326314d9f1,7939.898921076208,0.274675606119573,3.4594345450728015e-05,65.00015318372076,245.9573896938964,70.0,0.1385470465897223,0.542856772340599,0.1491394418524992,0.8305432607828209,0.0,Italy,ITA,the marches,,,Linux-5.15.0-140-generic-x86_64-with-glibc2.35,3.10.12,3.2.7,72,Intel(R) Xeon(R) Gold 6254 CPU @ 3.10GHz,1,1 x NVIDIA RTX A6000,13.5086,43.5939,503.494068145752,machine,10.711547198384649,76.61963654719838,8.121100454316013,35.650392544865305,N,1.0,0.0
2026-05-21T22:02:10,codecarbon,26d56301-18c3-4127-9fc2-03e4e11a52f5,5b0fa12a-3dd7-45bb-9766-cc326314d9f1,2244.659159641713,0.0821855458801398,3.661381975393452e-05,71.05276951615663,262.2292024998614,70.0,0.0427940060542939,0.1635522608416977,0.0421601521079324,0.2485064190039241,0.0,Italy,ITA,the marches,,,Linux-5.15.0-140-generic-x86_64-with-glibc2.35,3.10.12,3.2.7,72,Intel(R) Xeon(R) Gold 6254 CPU @ 3.10GHz,1,1 x NVIDIA RTX A6000,13.5086,43.5939,503.494068145752,machine,12.674173369079549,87.6496872207328,8.517649687220727,37.57733273612696,N,1.0,0.0
2026-05-28T15:30:33,codecarbon,892b4282-8437-43ac-8e46-9b2cc3ae8621,5b0fa12a-3dd7-45bb-9766-cc326314d9f1,7684.456778775901,0.2523477479258467,3.283872304712794e-05,40.024272262165056,250.98353271877065,70.0,0.0825410182544846,0.5361389144663917,0.1443500442560246,0.7630299769769008,0.0,Italy,ITA,the marches,,,Linux-5.15.0-140-generic-x86_64-with-glibc2.35,3.10.12,3.2.7,72,Intel(R) Xeon(R) Gold 6254 CPU @ 3.10GHz,1,1 x NVIDIA RTX A6000,13.5086,43.5939,503.494068145752,machine,3.035753388946814,79.80513555787279,6.057038581855885,23.921010336115163,N,1.0,0.0
2026-05-28T17:40:35,codecarbon,f826cf69-c17f-42ac-9fe8-d0401bbea7cb,5b0fa12a-3dd7-45bb-9766-cc326314d9f1,7790.615922644734,0.2544518425570456,3.26613255079664e-05,40.023394654547765,249.0892283674668,70.0,0.0836777196548025,0.5393741992767787,0.1463402597736775,0.7693921787052584,0.0,Italy,ITA,the marches,,,Linux-5.15.0-140-generic-x86_64-with-glibc2.35,3.10.12,3.2.7,72,Intel(R) Xeon(R) Gold 6254 CPU @ 3.10GHz,1,1 x NVIDIA RTX A6000,13.5086,43.5939,503.494068145752,machine,3.2355278384981268,78.51678024945352,5.994393725086802,23.594052739907955,N,1.0,0.0
2026-05-28T19:48:30,codecarbon,895caaa8-00f8-4757-b9e6-65f5552c6d31,5b0fa12a-3dd7-45bb-9766-cc326314d9f1,7664.091549426317,0.2516271532006616,3.283196078464078e-05,40.024495098574384,251.10068172640823,70.0,0.0823286353845599,0.5345455734694724,0.143976888457458,0.7608510973114908,0.0,Italy,ITA,the marches,,,Linux-5.15.0-140-generic-x86_64-with-glibc2.35,3.10.12,3.2.7,72,Intel(R) Xeon(R) Gold 6254 CPU @ 3.10GHz,1,1 x NVIDIA RTX A6000,13.5086,43.5939,503.494068145752,machine,3.2353379526735457,79.762583344228,6.177238854752459,24.519176073706465,N,1.0,0.0
2026-05-28T21:58:15,codecarbon,8be2bd49-341a-403d-802e-438666a45ab8,5b0fa12a-3dd7-45bb-9766-cc326314d9f1,7775.51379558444,0.2540760066509005,3.267642670702806e-05,40.02274941679766,249.21914932744548,70.0,0.0835252300085771,0.5386569795363698,0.1460735450583716,0.7682557546033192,0.0,Italy,ITA,the marches,,,Linux-5.15.0-140-generic-x86_64-with-glibc2.35,3.10.12,3.2.7,72,Intel(R) Xeon(R) Gold 6254 CPU @ 3.10GHz,1,1 x NVIDIA RTX A6000,13.5086,43.5939,503.494068145752,machine,2.9949484536082407,78.6548969072165,6.050154639175143,23.856582284219485,N,1.0,0.0
2026-05-29T00:09:02,codecarbon,c51d8599-81f5-4eff-9ec6-da60a746d837,5b0fa12a-3dd7-45bb-9766-cc326314d9f1,7836.005502510816,0.2554017116766148,3.259335532559017e-05,40.02148969248947,248.3334294588209,70.0,0.0841684416689165,0.5408931129919097,0.1472027662307335,0.7722643208915596,0.0,Italy,ITA,the marches,,,Linux-5.15.0-140-generic-x86_64-with-glibc2.35,3.10.12,3.2.7,72,Intel(R) Xeon(R) Gold 6254 CPU @ 3.10GHz,1,1 x NVIDIA RTX A6000,13.5086,43.5939,503.494068145752,machine,3.1076706724622785,78.10700588084889,5.937675786243598,23.30961937929961,N,1.0,0.0
2026-05-29T02:18:29,codecarbon,24fea9ff-ccc5-4512-8803-a87f158c7d62,5b0fa12a-3dd7-45bb-9766-cc326314d9f1,7756.430170126259,0.2537152004569072,3.2710305500342976e-05,40.02202410901951,249.80517719475085,70.0,0.0833121614295013,0.5381464863501719,0.145706128425151,0.7671647762048248,0.0,Italy,ITA,the marches,,,Linux-5.15.0-140-generic-x86_64-with-glibc2.35,3.10.12,3.2.7,72,Intel(R) Xeon(R) Gold 6254 CPU @ 3.10GHz,1,1 x NVIDIA RTX A6000,13.5086,43.5939,503.494068145752,machine,3.1675148540428744,78.91010074916042,5.942456729526903,23.33128728499495,N,1.0,0.0
2026-05-29T04:26:25,codecarbon,e6807ac2-83f2-42ef-8b1a-0edc4912ad22,5b0fa12a-3dd7-45bb-9766-cc326314d9f1,7666.040693122894,0.2514647362167772,3.28024264784249e-05,40.022863328142485,250.82086381172005,70.0,0.0823498728833146,0.5339885483015792,0.1440215719717451,0.7603599931566384,0.0,Italy,ITA,the marches,,,Linux-5.15.0-140-generic-x86_64-with-glibc2.35,3.10.12,3.2.7,72,Intel(R) Xeon(R) Gold 6254 CPU @ 3.10GHz,1,1 x NVIDIA RTX A6000,13.5086,43.5939,503.494068145752,machine,3.017770808833128,79.77760355416177,5.934613876910768,23.29402370246021,N,1.0,0.0
2026-05-29T06:35:32,codecarbon,dd89b6e8-7867-4be0-9435-d57483b47917,5b0fa12a-3dd7-45bb-9766-cc326314d9f1,7736.546118911356,0.2533789849192441,3.27509176607737e-05,40.02228223479357,250.15284797257863,70.0,0.0831155920664563,0.5376751740286636,0.1453573870723653,0.7661481531674844,0.0,Italy,ITA,the marches,,,Linux-5.15.0-140-generic-x86_64-with-glibc2.35,3.10.12,3.2.7,72,Intel(R) Xeon(R) Gold 6254 CPU @ 3.10GHz,1,1 x NVIDIA RTX A6000,13.5086,43.5939,503.494068145752,machine,2.9783531848782934,79.09528741584671,5.804000517866391,22.627159108774823,N,1.0,0.0
2026-05-29T08:43:31,codecarbon,cdc45b58-6f50-4438-bc8e-9262615bb6e9,5b0fa12a-3dd7-45bb-9766-cc326314d9f1,7669.64127972722,0.2520411178608158,3.2862178121292785e-05,40.06481330233488,251.18935384475165,70.0,0.0824766888215185,0.5355368434291563,0.1440892799966658,0.7621028122473402,0.0,Italy,ITA,the marches,,,Linux-5.15.0-140-generic-x86_64-with-glibc2.35,3.10.12,3.2.7,72,Intel(R) Xeon(R) Gold 6254 CPU @ 3.10GHz,1,1 x NVIDIA RTX A6000,13.5086,43.5939,503.494068145752,machine,3.358051456183881,79.68016194331983,6.041556745461422,23.829059444894305,N,1.0,0.0
2026-05-29T09:15:38,codecarbon,b547ff88-bd95-46cc-b5cb-22fcf12adf88,5b0fa12a-3dd7-45bb-9766-cc326314d9f1,1915.796162031591,0.0606818279362606,3.1674469935210166e-05,40.356425464293,238.09778469670013,70.0,0.0207499827711629,0.1267471494531378,0.0359879757415813,0.1834851079658822,0.0,Italy,ITA,the marches,,,Linux-5.15.0-140-generic-x86_64-with-glibc2.35,3.10.12,3.2.7,72,Intel(R) Xeon(R) Gold 6254 CPU @ 3.10GHz,1,1 x NVIDIA RTX A6000,13.5086,43.5939,503.494068145752,machine,4.918115183246073,72.56178010471204,6.483193717277546,26.07825568633553,N,1.0,0.0
2026-05-29T09:47:50,codecarbon,05eee19d-1982-4b72-b680-bfea82b5065c,5b0fa12a-3dd7-45bb-9766-cc326314d9f1,1921.5616789832711,0.0608357197164439,3.1659519640625386e-05,40.36092875326563,238.062032922095,70.0,0.0208160476202051,0.127035648572928,0.0360987380633751,0.1839504342565084,0.0,Italy,ITA,the marches,,,Linux-5.15.0-140-generic-x86_64-with-glibc2.35,3.10.12,3.2.7,72,Intel(R) Xeon(R) Gold 6254 CPU @ 3.10GHz,1,1 x NVIDIA RTX A6000,13.5086,43.5939,503.494068145752,machine,4.461116910229648,72.23851774530272,6.449530271398682,25.907025966365552,N,1.0,0.0
2026-05-29T10:19:58,codecarbon,9d770718-b1b8-43a3-ab1d-cacced26bebc,5b0fa12a-3dd7-45bb-9766-cc326314d9f1,1918.3835375867784,0.0606226354881444,3.1600894346916914e-05,40.37750910311298,237.33416466763828,70.0,0.0207912332891626,0.1264753970136212,0.0360394960288475,0.1833061263316314,0.0,Italy,ITA,the marches,,,Linux-5.15.0-140-generic-x86_64-with-glibc2.35,3.10.12,3.2.7,72,Intel(R) Xeon(R) Gold 6254 CPU @ 3.10GHz,1,1 x NVIDIA RTX A6000,13.5086,43.5939,503.494068145752,machine,4.3830109775222175,72.65237846314689,6.325300575013019,25.281224461668646,N,1.0,0.0
2026-05-29T10:51:20,codecarbon,ab91c4e6-00e4-4004-933f-5e987570beab,5b0fa12a-3dd7-45bb-9766-cc326314d9f1,1871.701647922397,0.0597003834415899,3.189631398137509e-05,40.36593765165782,240.5607627221057,70.0,0.0202715360814084,0.1250948017424207,0.0351511527318403,0.1805174905556696,0.0,Italy,ITA,the marches,,,Linux-5.15.0-140-generic-x86_64-with-glibc2.35,3.10.12,3.2.7,72,Intel(R) Xeon(R) Gold 6254 CPU @ 3.10GHz,1,1 x NVIDIA RTX A6000,13.5086,43.5939,503.494068145752,machine,4.7376407506702405,74.27882037533512,6.352975871313612,25.41810505843993,N,1.0,0.0
2026-05-29T11:23:05,codecarbon,35c1e747-1a94-448b-92ef-694a2e07e511,5b0fa12a-3dd7-45bb-9766-cc326314d9f1,1894.6668276786804,0.06024555741002,3.179744139175757e-05,40.17057488083075,238.90328500500303,70.0,0.0204241524886588,0.1261560250914613,0.0355857686641729,0.1821659462442929,0.0,Italy,ITA,the marches,,,Linux-5.15.0-140-generic-x86_64-with-glibc2.35,3.10.12,3.2.7,72,Intel(R) Xeon(R) Gold 6254 CPU @ 3.10GHz,1,1 x NVIDIA RTX A6000,13.5086,43.5939,503.494068145752,machine,3.4903652726310224,73.09528851244045,5.949020645844365,23.43673711911025,N,1.0,0.0
2026-05-29T11:55:10,codecarbon,338f0f92-83d7-446a-9fb9-32330117b489,5b0fa12a-3dd7-45bb-9766-cc326314d9f1,1914.942052971572,0.0606095046954646,3.1650829643336714e-05,40.023375282206814,238.11415595009063,70.0,0.0205648491925542,0.1267372108341646,0.0359643624101144,0.1832664224368334,0.0,Italy,ITA,the marches,,,Linux-5.15.0-140-generic-x86_64-with-glibc2.35,3.10.12,3.2.7,72,Intel(R) Xeon(R) Gold 6254 CPU @ 3.10GHz,1,1 x NVIDIA RTX A6000,13.5086,43.5939,503.494068145752,machine,2.9798847564169755,72.48664222105815,5.860660031430053,22.999776363622587,N,1.0,0.0
2026-05-29T12:26:55,codecarbon,1ee3bd43-079a-4025-a2ce-3a2d880af002,5b0fa12a-3dd7-45bb-9766-cc326314d9f1,1894.112739354372,0.0602052153339663,3.1785444489691725e-05,40.02488284180085,238.8622874418592,70.0,0.0203389451921233,0.1261383422994413,0.035566675443523,0.1820439629350876,0.0,Italy,ITA,the marches,,,Linux-5.15.0-140-generic-x86_64-with-glibc2.35,3.10.12,3.2.7,72,Intel(R) Xeon(R) Gold 6254 CPU @ 3.10GHz,1,1 x NVIDIA RTX A6000,13.5086,43.5939,503.494068145752,machine,2.502065677966105,73.37341101694915,5.761440677966053,22.5277402138306,N,1.0,0.0
2026-05-29T12:58:47,codecarbon,ce21d88a-62f1-4e7d-81b9-6f4f942936d1,5b0fa12a-3dd7-45bb-9766-cc326314d9f1,1902.4817268252373,0.0603726874061908,3.173364903059417e-05,40.02399973852434,239.1556244752675,70.0,0.0204306284087355,0.1263923177804713,0.0357274060933747,0.1825503522825815,0.0,Italy,ITA,the marches,,,Linux-5.15.0-140-generic-x86_64-with-glibc2.35,3.10.12,3.2.7,72,Intel(R) Xeon(R) Gold 6254 CPU @ 3.10GHz,1,1 x NVIDIA RTX A6000,13.5086,43.5939,503.494068145752,machine,3.262150764364788,73.21033210332104,5.715234580917252,22.30035235495962,N,1.0,0.0
2026-05-29T13:30:26,codecarbon,47ed6678-1ad2-40e4-8126-2ba1d17bc7d6,5b0fa12a-3dd7-45bb-9766-cc326314d9f1,1888.671120684594,0.0600795199388939,3.181047207261617e-05,40.02453707875458,239.97862200633887,70.0,0.0202867248096195,0.1259013490542884,0.035475820870863,0.1816638947347708,0.0,Italy,ITA,the marches,,,Linux-5.15.0-140-generic-x86_64-with-glibc2.35,3.10.12,3.2.7,72,Intel(R) Xeon(R) Gold 6254 CPU @ 3.10GHz,1,1 x NVIDIA RTX A6000,13.5086,43.5939,503.494068145752,machine,3.243813064259163,73.66011683483802,5.762878385554935,22.53520885149469,N,1.0,0.0
2026-05-29T16:45:27,codecarbon,04136027-ccfb-491e-a407-32d6f2b7953a,5b0fa12a-3dd7-45bb-9766-cc326314d9f1,9650.239857964218,0.3138056152762896,3.2517908352019864e-05,40.02837462695467,247.524586582912,70.0,0.1036776184502674,0.6638926505581821,0.1812913450442771,0.9488616140527268,0.0,Italy,ITA,the marches,,,Linux-5.15.0-140-generic-x86_64-with-glibc2.35,3.10.12,3.2.7,72,Intel(R) Xeon(R) Gold 6254 CPU @ 3.10GHz,1,1 x NVIDIA RTX A6000,13.5086,43.5939,503.494068145752,machine,3.2639742524916846,77.88071013289037,6.295566860465134,25.107459450084903,N,1.0,0.0
2026-05-29T18:54:14,codecarbon,a3af3a32-b41a-4b99-bcac-fb8e5f1c6270,5b0fa12a-3dd7-45bb-9766-cc326314d9f1,7716.905990727246,0.252881946815487,3.27698623152017e-05,40.02400498225949,250.25565134926543,70.0,0.0828942221915593,0.5367841633159287,0.144966861547364,0.7646452470548534,0.0,Italy,ITA,the marches,,,Linux-5.15.0-140-generic-x86_64-with-glibc2.35,3.10.12,3.2.7,72,Intel(R) Xeon(R) Gold 6254 CPU @ 3.10GHz,1,1 x NVIDIA RTX A6000,13.5086,43.5939,503.494068145752,machine,3.2679994807217887,79.3209139296378,6.127651564325351,24.26978400353099,N,1.0,0.0
2026-05-29T19:26:30,codecarbon,107f39fd-8422-45ae-8f30-d422fd987c78,5b0fa12a-3dd7-45bb-9766-cc326314d9f1,1925.1146923303604,0.0608375518182326,3.1602040159274106e-05,40.02640550589533,237.0529282693532,70.0,0.0206681168486653,0.1271460939390181,0.0361417632392297,0.1839559740269131,0.0,Italy,ITA,the marches,,,Linux-5.15.0-140-generic-x86_64-with-glibc2.35,3.10.12,3.2.7,72,Intel(R) Xeon(R) Gold 6254 CPU @ 3.10GHz,1,1 x NVIDIA RTX A6000,13.5086,43.5939,503.494068145752,machine,2.861907243355918,72.34080250130276,5.846013548723369,22.93497918284517,N,1.0,0.0
2026-05-31T18:18:57,codecarbon,45e5651e-4b34-44b4-b6d3-183ff8fe91ef,5b0fa12a-3dd7-45bb-9766-cc326314d9f1,10030.124136440456,0.3227210526823745,3.217518031605375e-05,40.05737503054041,243.8497515025096,70.0,0.107844321575707,0.6795304819573289,0.188444633819556,0.9758194373525916,0.0,Italy,ITA,the marches,,,Linux-5.15.0-140-generic-x86_64-with-glibc2.35,3.10.12,3.2.7,72,Intel(R) Xeon(R) Gold 6254 CPU @ 3.10GHz,1,1 x NVIDIA RTX A6000,13.5086,43.5939,503.494068145752,machine,3.841688311688316,76.61848151848152,17.793606393606414,82.98281836990829,N,1.0,0.0
2026-05-31T21:05:05,codecarbon,442a1929-baeb-40db-9bc3-6a28c192d52c,5b0fa12a-3dd7-45bb-9766-cc326314d9f1,9956.715779792516,0.3206159378193486,3.220097318335121e-05,40.05016336028349,244.16057286417512,70.0,0.1070276993444005,0.6753909989233762,0.1870354524568549,0.9694541507246316,0.0,Italy,ITA,the marches,,,Linux-5.15.0-140-generic-x86_64-with-glibc2.35,3.10.12,3.2.7,72,Intel(R) Xeon(R) Gold 6254 CPU @ 3.10GHz,1,1 x NVIDIA RTX A6000,13.5086,43.5939,503.494068145752,machine,3.8261167002012058,77.17303822937626,17.854949698189095,83.21473620508758,N,1.0,0.0
2026-05-31T23:51:14,codecarbon,27b48891-6bf9-4b70-8239-e660c2ef26b1,5b0fa12a-3dd7-45bb-9766-cc326314d9f1,9958.57876221463,0.3207012263080393,3.220351357011514e-05,40.04954513940152,244.2145705341296,70.0,0.1070464515861548,0.6755866868577982,0.1870789011427616,0.9697120395867154,0.0,Italy,ITA,the marches,,,Linux-5.15.0-140-generic-x86_64-with-glibc2.35,3.10.12,3.2.7,72,Intel(R) Xeon(R) Gold 6254 CPU @ 3.10GHz,1,1 x NVIDIA RTX A6000,13.5086,43.5939,503.494068145752,machine,3.662931294638364,76.96066794085102,18.07496227743684,84.32157656235326,N,1.0,0.0
2026-06-01T02:06:06,codecarbon,189828e0-9466-43de-88b9-6f8187019aee,5b0fa12a-3dd7-45bb-9766-cc326314d9f1,8081.785701677203,0.2609613572531165,3.229006148962345e-05,40.0505818984683,245.1360248850293,70.0,0.0868663879323404,0.5504012017095761,0.1518075657869275,0.7890751554288447,0.0,Italy,ITA,the marches,,,Linux-5.15.0-140-generic-x86_64-with-glibc2.35,3.10.12,3.2.7,72,Intel(R) Xeon(R) Gold 6254 CPU @ 3.10GHz,1,1 x NVIDIA RTX A6000,13.5086,43.5939,503.494068145752,machine,3.8192412596082286,77.46516241011653,18.12881229853703,84.59456627805801,N,1.0,0.0
2026-06-01T04:21:52,codecarbon,e6172fd9-a5d5-422a-8a5c-48a21b4baf25,5b0fa12a-3dd7-45bb-9766-cc326314d9f1,8135.59645550698,0.2623513530031216,3.2247340983282935e-05,40.08078467752215,244.5107396039264,70.0,0.0875155163495835,0.5529345681806035,0.1528280346018881,0.7932781191320752,0.0,Italy,ITA,the marches,,,Linux-5.15.0-140-generic-x86_64-with-glibc2.35,3.10.12,3.2.7,72,Intel(R) Xeon(R) Gold 6254 CPU @ 3.10GHz,1,1 x NVIDIA RTX A6000,13.5086,43.5939,503.494068145752,machine,4.220376754493962,76.86321103176557,18.323245506033025,85.6422850475673,N,1.0,0.0
2026-06-01T06:39:30,codecarbon,aea13f3d-5dfa-4616-af28-ddc0e3cccaf2,5b0fa12a-3dd7-45bb-9766-cc326314d9f1,8247.161678601056,0.2646331955035571,3.208779042009106e-05,40.07965018078819,242.91227098051584,70.0,0.0887276588426537,0.5564919532487238,0.1549581692920274,0.8001777813834053,0.0,Italy,ITA,the marches,,,Linux-5.15.0-140-generic-x86_64-with-glibc2.35,3.10.12,3.2.7,72,Intel(R) Xeon(R) Gold 6254 CPU @ 3.10GHz,1,1 x NVIDIA RTX A6000,13.5086,43.5939,503.494068145752,machine,4.161496416858979,75.70508927486942,18.50731203692457,86.57052646638353,N,1.0,0.0
2026-06-01T07:12:40,codecarbon,81e70542-29e2-4380-87cf-cdfbc19d76d3,5b0fa12a-3dd7-45bb-9766-cc326314d9f1,1979.5511059351263,0.0620554392385914,3.134823801847584e-05,40.08180876634874,234.95625859290504,70.0,0.0212943035380259,0.1291579736040375,0.0371862524771028,0.1876385296191663,0.0,Italy,ITA,the marches,,,Linux-5.15.0-140-generic-x86_64-with-glibc2.35,3.10.12,3.2.7,72,Intel(R) Xeon(R) Gold 6254 CPU @ 3.10GHz,1,1 x NVIDIA RTX A6000,13.5086,43.5939,503.494068145752,machine,3.975987841945289,71.73404255319149,18.32619047619047,85.75201820481753,N,1.0,0.0
2026-06-01T07:45:52,codecarbon,b21470a7-0002-4ed6-aaa1-cb6c64ad0c1b,5b0fa12a-3dd7-45bb-9766-cc326314d9f1,1981.0047521814704,0.0618101357874984,3.1201407124053344e-05,40.08126663759094,233.35718313571903,70.0,0.0213080306891481,0.1283790943699045,0.0372096745935165,0.1868967996525694,0.0,Italy,ITA,the marches,,,Linux-5.15.0-140-generic-x86_64-with-glibc2.35,3.10.12,3.2.7,72,Intel(R) Xeon(R) Gold 6254 CPU @ 3.10GHz,1,1 x NVIDIA RTX A6000,13.5086,43.5939,503.494068145752,machine,4.170784810126582,71.57721518987341,18.270734177215168,85.46943467924866,N,1.0,0.0
2026-06-01T08:18:54,codecarbon,1382a19a-f77e-4cb0-b3d8-91814ff0911c,5b0fa12a-3dd7-45bb-9766-cc326314d9f1,1972.5266867093744,0.0618440180090357,3.135269014393194e-05,40.08315602542858,234.6518799981891,70.0,0.0212171152026078,0.1287330624307401,0.0370490725103869,0.1869992501437349,0.0,Italy,ITA,the marches,,,Linux-5.15.0-140-generic-x86_64-with-glibc2.35,3.10.12,3.2.7,72,Intel(R) Xeon(R) Gold 6254 CPU @ 3.10GHz,1,1 x NVIDIA RTX A6000,13.5086,43.5939,503.494068145752,machine,4.096237925775295,71.85053380782918,18.34077275038129,85.80910639333797,N,1.0,0.0
2026-06-01T12:01:18,codecarbon,031f562c-b84f-4fe0-8099-1f10febe8c69,5b0fa12a-3dd7-45bb-9766-cc326314d9f1,9965.254837978631,0.3208140396641873,3.219325996978335e-05,40.05266709344287,243.98346356555388,70.0,0.1071235818810783,0.6757211839099568,0.1872083902639337,0.9700531560549692,0.0,Italy,ITA,the marches,,,Linux-5.15.0-140-generic-x86_64-with-glibc2.35,3.10.12,3.2.7,72,Intel(R) Xeon(R) Gold 6254 CPU @ 3.10GHz,1,1 x NVIDIA RTX A6000,13.5086,43.5939,503.494068145752,machine,3.9000100522718144,76.8751507840772,19.15229191797352,89.81602677811951,N,1.0,0.0
2026-06-01T14:22:17,codecarbon,78754387-9492-40b2-b0d4-cfff02e9ea65,5b0fa12a-3dd7-45bb-9766-cc326314d9f1,8448.95231821388,0.2742549588663491,3.246023276461418e-05,40.19401487814362,246.6817910690268,70.0,0.0911493108951878,0.5793922499023552,0.1587297787314488,0.8292713395289919,0.0,Italy,ITA,the marches,,,Linux-5.15.0-140-generic-x86_64-with-glibc2.35,3.10.12,3.2.7,72,Intel(R) Xeon(R) Gold 6254 CPU @ 3.10GHz,1,1 x NVIDIA RTX A6000,13.5086,43.5939,503.494068145752,machine,3.999205690574982,77.84967397747481,21.301090693538768,100.61800980310716,N,1.0,0.0
2026-06-01T14:55:52,codecarbon,a5ef6ef5-11ed-4f56-9a81-a85e2864329e,5b0fa12a-3dd7-45bb-9766-cc326314d9f1,2004.8581959567964,0.0627920261641552,3.1319933893972215e-05,40.17849466179106,234.38551070133508,70.0,0.0216166954802551,0.1305935539191978,0.0376555158874537,0.1898657652869068,0.0,Italy,ITA,the marches,,,Linux-5.15.0-140-generic-x86_64-with-glibc2.35,3.10.12,3.2.7,72,Intel(R) Xeon(R) Gold 6254 CPU @ 3.10GHz,1,1 x NVIDIA RTX A6000,13.5086,43.5939,503.494068145752,machine,3.8705852926463233,71.20260130065033,20.343271635817874,95.88288394876454,N,1.0,0.0
2026-06-02T08:26:40,codecarbon,7cf22c03-c573-4218-adb8-b05f3b86b012,5b0fa12a-3dd7-45bb-9766-cc326314d9f1,2115.452592894435,0.0643835830751606,3.043489761548793e-05,40.30574562898608,224.7838466199433,70.0,0.0228860082356064,0.1320544109211709,0.0397377751814822,0.1946781943382598,0.0,Italy,ITA,the marches,,,Linux-5.15.0-140-generic-x86_64-with-glibc2.35,3.10.12,3.2.7,72,Intel(R) Xeon(R) Gold 6254 CPU @ 3.10GHz,1,1 x NVIDIA RTX A6000,13.5086,43.5939,503.494068145752,machine,5.062387494078637,67.41402179062055,19.2409284699195,89.6938446619566,N,1.0,0.0
2026-06-02T09:03:13,codecarbon,908f6524-119c-487e-bb83-bc478d42df24,5b0fa12a-3dd7-45bb-9766-cc326314d9f1,2180.875809453428,0.0658566066379231,3.0197320889367e-05,40.34923048312209,221.76395234927688,70.0,0.023616981959842,0.1345487865278869,0.0409664427554545,0.1991322112431834,0.0,Italy,ITA,the marches,,,Linux-5.15.0-140-generic-x86_64-with-glibc2.35,3.10.12,3.2.7,72,Intel(R) Xeon(R) Gold 6254 CPU @ 3.10GHz,1,1 x NVIDIA RTX A6000,13.5086,43.5939,503.494068145752,machine,5.290808823529408,65.61443014705883,24.23488051470587,114.52713280039676,N,1.0,0.0
2026-06-02T09:39:00,codecarbon,613cf043-7949-46ee-8f48-b3e6efee188f,5b0fa12a-3dd7-45bb-9766-cc326314d9f1,2137.2847289927304,0.0649166075877465,3.037340168445445e-05,40.180233525271696,224.0247400493048,70.0,0.0230461450365478,0.1330983162008578,0.0401454521865584,0.1962899134239641,0.0,Italy,ITA,the marches,,,Linux-5.15.0-140-generic-x86_64-with-glibc2.35,3.10.12,3.2.7,72,Intel(R) Xeon(R) Gold 6254 CPU @ 3.10GHz,1,1 x NVIDIA RTX A6000,13.5086,43.5939,503.494068145752,machine,5.18296574378226,66.7724073205068,24.464852182074168,115.6863324645538,N,1.0,0.0
2026-06-02T10:16:55,codecarbon,5bfe0036-60b3-40c7-b38b-0d9bdd09e864,5b0fa12a-3dd7-45bb-9766-cc326314d9f1,2264.504857901484,0.0676315617082608,2.986593800948389e-05,40.18254884083432,218.7760039894577,70.0,0.0244017370129494,0.1375936236859161,0.042503825037202,0.2044991857360677,0.0,Italy,ITA,the marches,,,Linux-5.15.0-140-generic-x86_64-with-glibc2.35,3.10.12,3.2.7,72,Intel(R) Xeon(R) Gold 6254 CPU @ 3.10GHz,1,1 x NVIDIA RTX A6000,13.5086,43.5939,503.494068145752,machine,4.529229406554472,64.84100974313552,24.5050930026572,115.97849645183824,N,1.0,0.0
2026-06-02T10:54:34,codecarbon,e0d562b6-e422-4ad7-b1dc-ccea57730753,5b0fa12a-3dd7-45bb-9766-cc326314d9f1,2248.4585752785206,0.0673637958938249,2.9959989761199163e-05,40.17154299932156,219.701147796136,70.0,0.0242454270068028,0.1371992114259796,0.0422448973464158,0.2036895357791983,0.0,Italy,ITA,the marches,,,Linux-5.15.0-140-generic-x86_64-with-glibc2.35,3.10.12,3.2.7,72,Intel(R) Xeon(R) Gold 6254 CPU @ 3.10GHz,1,1 x NVIDIA RTX A6000,13.5086,43.5939,503.494068145752,machine,4.52648238965671,65.2229157378511,25.13860900579577,119.27152018519422,N,1.0,0.0
2026-06-02T11:32:51,codecarbon,96521829-954c-40d4-98de-a8c7617ab2d5,5b0fa12a-3dd7-45bb-9766-cc326314d9f1,2286.5957863628864,0.0681271273195624,2.9794127902215325e-05,40.17136339312746,217.46447139270447,70.0,0.0246538290309057,0.1383872276541637,0.0429565827526462,0.2059976394377157,0.0,Italy,ITA,the marches,,,Linux-5.15.0-140-generic-x86_64-with-glibc2.35,3.10.12,3.2.7,72,Intel(R) Xeon(R) Gold 6254 CPU @ 3.10GHz,1,1 x NVIDIA RTX A6000,13.5086,43.5939,503.494068145752,machine,4.664489259096886,64.0714598860149,25.21604559403768,119.6745696446186,N,1.0,0.0
2026-06-02T12:10:40,codecarbon,56f69b37-3b27-4594-9713-4577717bbce4,5b0fa12a-3dd7-45bb-9766-cc326314d9f1,2258.3114508874714,0.0675547636032538,2.991383831344706e-05,40.15446601643569,219.1309510775569,70.0,0.0243304615785587,0.1375275594663776,0.0424089484071462,0.2042669694520826,0.0,Italy,ITA,the marches,,,Linux-5.15.0-140-generic-x86_64-with-glibc2.35,3.10.12,3.2.7,72,Intel(R) Xeon(R) Gold 6254 CPU @ 3.10GHz,1,1 x NVIDIA RTX A6000,13.5086,43.5939,503.494068145752,machine,4.952797513321491,64.83436944937833,25.29702486678508,120.0966751613583,N,1.0,0.0
2026-06-02T12:30:48,codecarbon,0c29cbe8-442e-4b99-ad2b-97795178430d,5b0fa12a-3dd7-45bb-9766-cc326314d9f1,1197.3792360015211,0.0349757980906548,2.92102928120347e-05,40.19107785062501,211.6002266381676,70.0,0.0129144215383283,0.0703526690599005,0.022490074390235,0.105757164988464,0.0,Italy,ITA,the marches,,,Linux-5.15.0-140-generic-x86_64-with-glibc2.35,3.10.12,3.2.7,72,Intel(R) Xeon(R) Gold 6254 CPU @ 3.10GHz,1,1 x NVIDIA RTX A6000,13.5086,43.5939,503.494068145752,machine,5.084589614740373,58.86599664991625,25.48685092127304,121.1876491597749,N,1.0,0.0
2026-06-02T12:49:48,codecarbon,202fd328-9cce-4392-8888-ed572d7e6756,5b0fa12a-3dd7-45bb-9766-cc326314d9f1,1129.2639430053532,0.0337000981387443,2.984253446457966e-05,40.22816630649999,217.85097737810443,70.0,0.0121915206373024,0.0684971767421984,0.0212111028694858,0.1018998002489866,0.0,Italy,ITA,the marches,,,Linux-5.15.0-140-generic-x86_64-with-glibc2.35,3.10.12,3.2.7,72,Intel(R) Xeon(R) Gold 6254 CPU @ 3.10GHz,1,1 x NVIDIA RTX A6000,13.5086,43.5939,503.494068145752,machine,4.716355555555557,63.224,25.732977777777773,122.45137295532228,N,1.0,0.0
2026-06-02T13:08:49,codecarbon,fd15ce75-6cab-4400-b24e-e1d362352bf3,5b0fa12a-3dd7-45bb-9766-cc326314d9f1,1131.3984802886844,0.0337345551475467,2.9816687696928056e-05,40.23174076475657,218.00381608673908,70.0,0.0122117849629517,0.068547778171478,0.0212444256038508,0.1020039887382806,0.0,Italy,ITA,the marches,,,Linux-5.15.0-140-generic-x86_64-with-glibc2.35,3.10.12,3.2.7,72,Intel(R) Xeon(R) Gold 6254 CPU @ 3.10GHz,1,1 x NVIDIA RTX A6000,13.5086,43.5939,503.494068145752,machine,5.625554569653951,62.725820763087846,25.18021295474713,119.68538148570292,N,1.0,0.0
2026-06-02T13:29:07,codecarbon,392ab67d-b8c8-4c7f-b2ac-bc44d7940dbb,5b0fa12a-3dd7-45bb-9766-cc326314d9f1,1207.824037898332,0.0354233982389592,2.93282772386262e-05,40.21592759084128,212.6486161912576,70.0,0.0130360806154425,0.0713860254421092,0.0226884783042284,0.1071105843617802,0.0,Italy,ITA,the marches,,,Linux-5.15.0-140-generic-x86_64-with-glibc2.35,3.10.12,3.2.7,72,Intel(R) Xeon(R) Gold 6254 CPU @ 3.10GHz,1,1 x NVIDIA RTX A6000,13.5086,43.5939,503.494068145752,machine,5.235382059800666,60.49003322259136,25.203903654485043,119.71799040632789,N,1.0,0.0
2026-06-02T13:49:23,codecarbon,9be53379-7838-4134-bd2a-72d06eb052f8,5b0fa12a-3dd7-45bb-9766-cc326314d9f1,1205.6054018475115,0.0353795213710755,2.934585505079748e-05,40.26831209635187,212.7202647404533,70.0,0.0130286164679638,0.0713043920434302,0.0226449043057962,0.1069779128171902,0.0,Italy,ITA,the marches,,,Linux-5.15.0-140-generic-x86_64-with-glibc2.35,3.10.12,3.2.7,72,Intel(R) Xeon(R) Gold 6254 CPU @ 3.10GHz,1,1 x NVIDIA RTX A6000,13.5086,43.5939,503.494068145752,machine,4.779184013322234,60.61365528726061,25.44179850124897,121.39161421357343,N,1.0,0.0
2026-06-02T14:09:46,codecarbon,58eff67f-73b3-4e36-b535-fbce8b73bff4,5b0fa12a-3dd7-45bb-9766-cc326314d9f1,1211.3286592327058,0.0354888477762743,2.929745573654146e-05,40.15519316973906,212.52797779770813,70.0,0.0130524312298145,0.0715043777589699,0.022751676718901,0.1073084857076854,0.0,Italy,ITA,the marches,,,Linux-5.15.0-140-generic-x86_64-with-glibc2.35,3.10.12,3.2.7,72,Intel(R) Xeon(R) Gold 6254 CPU @ 3.10GHz,1,1 x NVIDIA RTX A6000,13.5086,43.5939,503.494068145752,machine,4.745943708609273,60.58112582781457,25.023096026490062,119.57509342408338,N,1.0,0.0
2026-06-02T14:29:51,codecarbon,21ea8e08-a480-4364-aba9-725e72d8633c,5b0fa12a-3dd7-45bb-9766-cc326314d9f1,1194.487647309899,0.0351489192817446,2.942593785787854e-05,40.1621070959,213.8687677844467,70.0,0.0128750275734796,0.0709671701070533,0.0224384380325054,0.1062806357130384,0.0,Italy,ITA,the marches,,,Linux-5.15.0-140-generic-x86_64-with-glibc2.35,3.10.12,3.2.7,72,Intel(R) Xeon(R) Gold 6254 CPU @ 3.10GHz,1,1 x NVIDIA RTX A6000,13.5086,43.5939,503.494068145752,machine,5.156339210747271,61.00167926112511,20.03887489504617,94.51906664805888,N,1.0,0.0
2026-06-02T14:58:44,codecarbon,3c6c87d5-1bb6-4e68-95a9-18a6df9e5b42,5b0fa12a-3dd7-45bb-9766-cc326314d9f1,1722.6822306104004,0.0518237421799594,3.008316987259841e-05,40.16480385392174,221.0768124416895,70.0,0.0185706670144473,0.10576898878179,0.0323610444376762,0.1567007002339135,0.0,Italy,ITA,the marches,,,Linux-5.15.0-140-generic-x86_64-with-glibc2.35,3.10.12,3.2.7,72,Intel(R) Xeon(R) Gold 6254 CPU @ 3.10GHz,1,1 x NVIDIA RTX A6000,13.5086,43.5939,503.494068145752,machine,4.705529685681024,65.37834691501746,18.832828870779963,88.41923633748632,N,1.0,0.0
2026-06-02T15:27:28,codecarbon,0b1d6550-1168-4749-a055-f397a5d52726,5b0fa12a-3dd7-45bb-9766-cc326314d9f1,1713.53805276379,0.051600689059166,3.011353554473947e-05,40.16114290370435,220.62162928574747,70.0,0.0184656038340991,0.1053795706924916,0.032181074601567,0.1560262491281576,0.0,Italy,ITA,the marches,,,Linux-5.15.0-140-generic-x86_64-with-glibc2.35,3.10.12,3.2.7,72,Intel(R) Xeon(R) Gold 6254 CPU @ 3.10GHz,1,1 x NVIDIA RTX A6000,13.5086,43.5939,503.494068145752,machine,4.854566744730681,65.33899297423888,18.85439110070257,88.52338879560699,N,1.0,0.0
2026-06-02T15:55:40,codecarbon,70619768-14b2-4aff-b53e-121f36b2388e,5b0fa12a-3dd7-45bb-9766-cc326314d9f1,1682.0247654803095,0.0511705581055501,3.0422000410284177e-05,40.16954581483186,223.115081392263,70.0,0.0182976396750089,0.1045452194694007,0.0318827926361105,0.1547256517805203,0.0,Italy,ITA,the marches,,,Linux-5.15.0-140-generic-x86_64-with-glibc2.35,3.10.12,3.2.7,72,Intel(R) Xeon(R) Gold 6254 CPU @ 3.10GHz,1,1 x NVIDIA RTX A6000,13.5086,43.5939,503.494068145752,machine,4.4021466905187845,66.44570405727923,18.86374478234943,88.59237881992001,N,1.0,0.0
2026-06-02T16:25:51,codecarbon,454a528c-b087-4557-a610-6342874c7d97,5b0fa12a-3dd7-45bb-9766-cc326314d9f1,1800.6600350253284,0.0535381732751202,2.973252709213774e-05,40.14763225930001,217.26908971483607,70.0,0.0194063741934658,0.1086448308046783,0.0338334619238869,0.161884666922031,0.0,Italy,ITA,the marches,,,Linux-5.15.0-140-generic-x86_64-with-glibc2.35,3.10.12,3.2.7,72,Intel(R) Xeon(R) Gold 6254 CPU @ 3.10GHz,1,1 x NVIDIA RTX A6000,13.5086,43.5939,503.494068145752,machine,5.189359331476325,63.9041782729805,18.900222841225624,88.72269294760021,N,1.0,0.0
2026-06-02T16:56:04,codecarbon,7fcc0044-4538-432f-badb-984e8de57460,5b0fa12a-3dd7-45bb-9766-cc326314d9f1,1802.9434156753125,0.0535796747251257,2.971789034491516e-05,40.148407535376045,216.26905835001764,70.0,0.0194257714147335,0.1087185728081294,0.0338658116353779,0.1620101558582409,0.0,Italy,ITA,the marches,,,Linux-5.15.0-140-generic-x86_64-with-glibc2.35,3.10.12,3.2.7,72,Intel(R) Xeon(R) Gold 6254 CPU @ 3.10GHz,1,1 x NVIDIA RTX A6000,13.5086,43.5939,503.494068145752,machine,4.584149054505005,63.68186874304783,18.9261957730812,88.85530250303206,N,1.0,0.0
2026-06-02T17:26:05,codecarbon,cecb2d9b-c350-43d6-a5e2-2bf0183ff62b,5b0fa12a-3dd7-45bb-9766-cc326314d9f1,1791.0505377016962,0.0533321573654658,2.977702540649828e-05,40.1474462208059,217.4328647586925,70.0,0.0192963911816744,0.1083248183264231,0.0336405221347697,0.1612617316428673,0.0,Italy,ITA,the marches,,,Linux-5.15.0-140-generic-x86_64-with-glibc2.35,3.10.12,3.2.7,72,Intel(R) Xeon(R) Gold 6254 CPU @ 3.10GHz,1,1 x NVIDIA RTX A6000,13.5086,43.5939,503.494068145752,machine,4.484658454647256,63.95576707726764,18.918924972004486,88.82229821652608,N,1.0,0.0
2026-06-02T17:56:21,codecarbon,b7220b5f-e46f-48a8-9f22-e6001c5020a5,5b0fa12a-3dd7-45bb-9766-cc326314d9f1,1805.5420020669696,0.0536500036206097,2.9714071209194635e-05,40.15026897356611,216.7906153879512,70.0,0.0194501202962782,0.1088661590372908,0.0339065317036584,0.1622228110372274,0.0,Italy,ITA,the marches,,,Linux-5.15.0-140-generic-x86_64-with-glibc2.35,3.10.12,3.2.7,72,Intel(R) Xeon(R) Gold 6254 CPU @ 3.10GHz,1,1 x NVIDIA RTX A6000,13.5086,43.5939,503.494068145752,machine,4.773126041088284,63.46141032759578,18.96563020544142,89.05287414415223,N,1.0,0.0
2026-06-02T18:16:02,codecarbon,3f94d09b-2887-4c2a-bac5-c71774dde80c,5b0fa12a-3dd7-45bb-9766-cc326314d9f1,1170.1090221442282,0.0346684615143653,2.962840287380685e-05,40.17219828598982,216.1419764564017,70.0,0.012612994308876,0.0702386309130815,0.0219762387417981,0.1048278639637557,0.0,Italy,ITA,the marches,,,Linux-5.15.0-140-generic-x86_64-with-glibc2.35,3.10.12,3.2.7,72,Intel(R) Xeon(R) Gold 6254 CPU @ 3.10GHz,1,1 x NVIDIA RTX A6000,13.5086,43.5939,503.494068145752,machine,4.781818181818183,62.37650085763293,18.89331046312177,88.81828489025501,N,1.0,0.0
2026-06-02T18:35:31,codecarbon,24136185-f250-46d4-948e-3fd91cf0e867,5b0fa12a-3dd7-45bb-9766-cc326314d9f1,1158.714683573693,0.0344266482685265,2.971106585302628e-05,40.17898414919457,215.945980519316,70.0,0.0124916820172683,0.0698480867117723,0.0217569186859971,0.1040966874150378,0.0,Italy,ITA,the marches,,,Linux-5.15.0-140-generic-x86_64-with-glibc2.35,3.10.12,3.2.7,72,Intel(R) Xeon(R) Gold 6254 CPU @ 3.10GHz,1,1 x NVIDIA RTX A6000,13.5086,43.5939,503.494068145752,machine,5.019826839826844,62.32727272727273,18.922337662337664,88.96727826997831,N,1.0,0.0
2026-06-02T18:55:07,codecarbon,ad114c69-e1f2-4496-a7fa-3abc8b0dff1b,5b0fa12a-3dd7-45bb-9766-cc326314d9f1,1165.9804995693266,0.0345987609843317,2.967353313122422e-05,40.16802511017872,216.63961074544068,70.0,0.0125627086739136,0.070164963354216,0.0218894367604206,0.1046171087885503,0.0,Italy,ITA,the marches,,,Linux-5.15.0-140-generic-x86_64-with-glibc2.35,3.10.12,3.2.7,72,Intel(R) Xeon(R) Gold 6254 CPU @ 3.10GHz,1,1 x NVIDIA RTX A6000,13.5086,43.5939,503.494068145752,machine,4.699913941480206,62.48881239242685,18.903270223752163,88.85159741334374,N,1.0,0.0
2026-06-02T19:15:39,codecarbon,a07120b6-1e87-42d7-836f-0d151e636c47,5b0fa12a-3dd7-45bb-9766-cc326314d9f1,1221.9533773474395,0.0358399148972178,2.9330018281890144e-05,40.1573695947744,212.77563854903573,70.0,0.0131672938015962,0.0722536330806633,0.0229490889536423,0.1083700158359019,0.0,Italy,ITA,the marches,,,Linux-5.15.0-140-generic-x86_64-with-glibc2.35,3.10.12,3.2.7,72,Intel(R) Xeon(R) Gold 6254 CPU @ 3.10GHz,1,1 x NVIDIA RTX A6000,13.5086,43.5939,503.494068145752,machine,4.533661740558292,61.22167487684729,18.97266009852217,89.16522733879403,N,1.0,0.0
2026-06-02T19:36:14,codecarbon,be43ec11-1d36-424a-baea-dfd4bcb8d879,5b0fa12a-3dd7-45bb-9766-cc326314d9f1,1223.926845472306,0.0358530932045979,2.9293493591737065e-05,40.15322452862807,212.4228875867359,70.0,0.0131842389502213,0.0722452547406646,0.0229803697111602,0.1084098634020463,0.0,Italy,ITA,the marches,,,Linux-5.15.0-140-generic-x86_64-with-glibc2.35,3.10.12,3.2.7,72,Intel(R) Xeon(R) Gold 6254 CPU @ 3.10GHz,1,1 x NVIDIA RTX A6000,13.5086,43.5939,503.494068145752,machine,4.818606557377052,61.00901639344262,18.991639344262325,89.2574887947958,N,1.0,0.0
2026-06-02T19:56:50,codecarbon,e3f8bfdb-e105-4fa0-8644-ce37870ae756,5b0fa12a-3dd7-45bb-9766-cc326314d9f1,1226.590572014451,0.0359338953786925,2.9295753773549474e-05,40.15393546551607,212.4922368058348,70.0,0.0132178888755435,0.0723960729167743,0.0230402250940704,0.1086541868863882,0.0,Italy,ITA,the marches,,,Linux-5.15.0-140-generic-x86_64-with-glibc2.35,3.10.12,3.2.7,72,Intel(R) Xeon(R) Gold 6254 CPU @ 3.10GHz,1,1 x NVIDIA RTX A6000,13.5086,43.5939,503.494068145752,machine,4.731071136549469,60.46034341782502,18.948078495502845,89.13154173482177,N,1.0,0.0
2026-06-02T20:17:34,codecarbon,9cf8c69a-a887-4b60-a5ce-f10c091b7cec,5b0fa12a-3dd7-45bb-9766-cc326314d9f1,1232.064908977598,0.0361592015795728,2.934845503357349e-05,39.66739326106024,210.9130869523056,70.0,0.0132721662951772,0.0726357239418575,0.0234275604477566,0.1093354506847914,0.0,Italy,ITA,the marches,,,Linux-5.15.0-140-generic-x86_64-with-glibc2.35,3.10.12,3.2.7,72,Intel(R) Xeon(R) Gold 6254 CPU @ 3.10GHz,1,1 x NVIDIA RTX A6000,13.5086,43.5939,503.494068145752,machine,4.507736156351793,60.75081433224756,19.00431596091202,89.43104529613781,N,1.0,0.0
2026-06-02T21:53:12,codecarbon,6c7f46ac-bbad-4e65-8285-e6593f3ee717,5b0fa12a-3dd7-45bb-9766-cc326314d9f1,5728.087211485952,0.1766396437467829,3.083745711702598e-05,40.2166126392356,229.1804913912445,70.0,0.0618303605631004,0.3646660014547933,0.107613192789474,0.5341095548073673,0.0,Italy,ITA,the marches,,,Linux-5.15.0-140-generic-x86_64-with-glibc2.35,3.10.12,3.2.7,72,Intel(R) Xeon(R) Gold 6254 CPU @ 3.10GHz,1,1 x NVIDIA RTX A6000,13.5086,43.5939,503.494068145752,machine,4.948818897637793,69.99090113735782,19.575888013998185,92.15366515846286,N,1.0,0.0
2026-06-02T23:27:44,codecarbon,1852f390-1072-46ab-9f76-ec2630ad818b,5b0fa12a-3dd7-45bb-9766-cc326314d9f1,5660.279328558594,0.1751200618282034,3.0938413400315046e-05,40.178646352807895,230.08975696256184,70.0,0.0610387487954921,0.362147361939833,0.1063286475427344,0.5295147582780599,0.0,Italy,ITA,the marches,,,Linux-5.15.0-140-generic-x86_64-with-glibc2.35,3.10.12,3.2.7,72,Intel(R) Xeon(R) Gold 6254 CPU @ 3.10GHz,1,1 x NVIDIA RTX A6000,13.5086,43.5939,503.494068145752,machine,4.900212464589233,70.94812322946176,19.69679532577907,92.78739865981149,N,1.0,0.0
2026-06-03T01:02:28,codecarbon,19a6d476-ffa2-43fd-b8bc-2d4406c3774c,5b0fa12a-3dd7-45bb-9766-cc326314d9f1,5673.23783627525,0.1755545042277438,3.0944323029299206e-05,40.17772143177336,230.1336926211972,70.0,0.0611782781974111,0.3630737440698226,0.1065763699815815,0.5308283922488154,0.0,Italy,ITA,the marches,,,Linux-5.15.0-140-generic-x86_64-with-glibc2.35,3.10.12,3.2.7,72,Intel(R) Xeon(R) Gold 6254 CPU @ 3.10GHz,1,1 x NVIDIA RTX A6000,13.5086,43.5939,503.494068145752,machine,5.010386857445679,70.95248189365836,19.906906906906915,93.84579999715147,N,1.0,0.0
2026-06-03T02:44:37,codecarbon,8834504c-81af-4e14-9cb8-c93e680bac00,5b0fa12a-3dd7-45bb-9766-cc326314d9f1,6119.202207088471,0.1849799061902048,3.022941552346882e-05,40.15147851301691,222.6333854389801,70.0,0.0659463179622495,0.3784190252350186,0.1149628644908675,0.5593282076881358,0.0,Italy,ITA,the marches,,,Linux-5.15.0-140-generic-x86_64-with-glibc2.35,3.10.12,3.2.7,72,Intel(R) Xeon(R) Gold 6254 CPU @ 3.10GHz,1,1 x NVIDIA RTX A6000,13.5086,43.5939,503.494068145752,machine,4.908793188144748,67.40265269363026,20.18021942033733,95.17957449014008,N,1.0,0.0
2026-06-03T04:25:48,codecarbon,4277bd7b-cfc1-45eb-b7b1-66392ba695e3,5b0fa12a-3dd7-45bb-9766-cc326314d9f1,6060.467211082578,0.1839225909217738,3.03479227782044e-05,40.1530711998569,223.94803066759223,70.0,0.0653080293861947,0.3769882702014229,0.1138348784001958,0.556131177987814,0.0,Italy,ITA,the marches,,,Linux-5.15.0-140-generic-x86_64-with-glibc2.35,3.10.12,3.2.7,72,Intel(R) Xeon(R) Gold 6254 CPU @ 3.10GHz,1,1 x NVIDIA RTX A6000,13.5086,43.5939,503.494068145752,machine,4.783468341874689,67.97140023144321,20.118250950570324,94.87367644761687,N,1.0,0.0
2026-06-03T06:07:38,codecarbon,e96a8ba0-8744-4a68-8489-62099a6f8fbf,5b0fa12a-3dd7-45bb-9766-cc326314d9f1,6099.23834894225,0.184763563400161,3.029289114963073e-05,40.15226675840911,223.2101444627889,70.0,0.0657264011977095,0.378373503809712,0.1145741417640302,0.5586740467714519,0.0,Italy,ITA,the marches,,,Linux-5.15.0-140-generic-x86_64-with-glibc2.35,3.10.12,3.2.7,72,Intel(R) Xeon(R) Gold 6254 CPU @ 3.10GHz,1,1 x NVIDIA RTX A6000,13.5086,43.5939,503.494068145752,machine,4.836011171348771,67.57483160834566,20.362970264498127,96.1120972123388,N,1.0,0.0
2026-06-03T07:49:18,codecarbon,9eb22487-fbf7-427d-ad39-2a49270a343a,5b0fa12a-3dd7-45bb-9766-cc326314d9f1,6089.007889904082,0.1844653087000627,3.0294805333709064e-05,40.15625928847815,223.34022607916376,70.0,0.0656230081940031,0.3777638052663405,0.114385393374672,0.5577722068350158,0.0,Italy,ITA,the marches,,,Linux-5.15.0-140-generic-x86_64-with-glibc2.35,3.10.12,3.2.7,72,Intel(R) Xeon(R) Gold 6254 CPU @ 3.10GHz,1,1 x NVIDIA RTX A6000,13.5086,43.5939,503.494068145752,machine,4.904244119098532,67.53281789768054,20.66397433788456,97.62349688126316,N,1.0,0.0
2026-06-06T10:59:43,codecarbon,d53c7303-14bf-4861-9812-b9a82b6cab09,5b0fa12a-3dd7-45bb-9766-cc326314d9f1,9721.249372232704,0.315113138825184,3.241488071741659e-05,40.09826919213376,246.4911822329132,70.0,0.1046282787709388,0.6655591152247098,0.1826278105749649,0.9528152045706134,0.0,Italy,ITA,the marches,,,Linux-5.15.0-140-generic-x86_64-with-glibc2.35,3.10.12,3.2.7,72,Intel(R) Xeon(R) Gold 6254 CPU @ 3.10GHz,1,1 x NVIDIA RTX A6000,13.5086,43.5939,503.494068145752,machine,3.995309761880219,77.8203278012576,6.188279558808302,23.06642095669805,N,1.0,0.0
2026-06-06T13:40:28,codecarbon,02ea4583-05ae-46f9-9d07-0a276c89a64b,5b0fa12a-3dd7-45bb-9766-cc326314d9f1,9634.590398967266,0.3129574478610481,3.248269359687508e-05,40.10379065468507,247.0378353702761,70.0,0.1037123463925349,0.6615700095334205,0.1810146338388842,0.946296989764839,0.0,Italy,ITA,the marches,,,Linux-5.15.0-140-generic-x86_64-with-glibc2.35,3.10.12,3.2.7,72,Intel(R) Xeon(R) Gold 6254 CPU @ 3.10GHz,1,1 x NVIDIA RTX A6000,13.5086,43.5939,503.494068145752,machine,4.379733804720809,78.47759176458355,6.611302901112866,24.404308669344235,N,1.0,0.0
2026-06-06T16:21:15,codecarbon,8980f84e-740c-4ce2-b5e9-c526303cb7c1,5b0fa12a-3dd7-45bb-9766-cc326314d9f1,9636.274451710284,0.3133358710341373,3.25162875553555e-05,40.60048922818279,246.93858187719405,70.0,0.1050170749055116,0.6613833138285372,0.1810408483142447,0.947441237048293,0.0,Italy,ITA,the marches,,,Linux-5.15.0-140-generic-x86_64-with-glibc2.35,3.10.12,3.2.7,72,Intel(R) Xeon(R) Gold 6254 CPU @ 3.10GHz,1,1 x NVIDIA RTX A6000,13.5086,43.5939,503.494068145752,machine,5.060569824269512,78.5706561297702,7.003535406051571,26.141982428110524,N,1.0,0.0
2026-06-06T19:04:44,codecarbon,363493b0-8f2c-438e-8fde-a8dd86f96387,5b0fa12a-3dd7-45bb-9766-cc326314d9f1,9798.742360368373,0.3106266157707709,3.1700661610118435e-05,40.09115368597034,238.51350226473733,70.0,0.1054451098488025,0.6497065655981942,0.1840975210611188,0.9392491965081156,0.0,Italy,ITA,the marches,,,Linux-5.15.0-140-generic-x86_64-with-glibc2.35,3.10.12,3.2.7,72,Intel(R) Xeon(R) Gold 6254 CPU @ 3.10GHz,1,1 x NVIDIA RTX A6000,13.5086,43.5939,503.494068145752,machine,4.154733183398081,76.6640768758945,6.457278675117622,25.58061991496409,N,1.0,0.0
2026-06-06T21:14:03,codecarbon,97503a91-5f2a-4711-9dee-fd391386e1ca,5b0fa12a-3dd7-45bb-9766-cc326314d9f1,7748.351490292698,0.2488512884096816,3.211667523362201e-05,40.08000496788864,243.0956703614888,70.0,0.0833577654703353,0.523526401320737,0.1455734811436695,0.7524576479347411,0.0,Italy,ITA,the marches,,,Linux-5.15.0-140-generic-x86_64-with-glibc2.35,3.10.12,3.2.7,72,Intel(R) Xeon(R) Gold 6254 CPU @ 3.10GHz,1,1 x NVIDIA RTX A6000,13.5086,43.5939,503.494068145752,machine,3.92019392372333,79.05649644473174,6.305662572721638,25.15197526947791,N,1.0,0.0
2026-06-06T23:23:43,codecarbon,00a754bd-86e2-4a39-8476-d7c1951df255,5b0fa12a-3dd7-45bb-9766-cc326314d9f1,7770.126748699695,0.2502227716794755,3.220317760213493e-05,40.45596545164863,243.82037608271875,70.0,0.0843831309321741,0.5262329254304632,0.1459885786420356,0.7566046350046732,0.0,Italy,ITA,the marches,,,Linux-5.15.0-140-generic-x86_64-with-glibc2.35,3.10.12,3.2.7,72,Intel(R) Xeon(R) Gold 6254 CPU @ 3.10GHz,1,1 x NVIDIA RTX A6000,13.5086,43.5939,503.494068145752,machine,4.0196493037648215,78.7719185146983,6.0636023723570975,23.83578267670465,N,1.0,0.0
2026-06-07T01:37:02,codecarbon,6b421d49-f5d6-4e38-9dcd-8d1534ad56fb,5b0fa12a-3dd7-45bb-9766-cc326314d9f1,7988.619569942355,0.2585701930445017,3.236731838093618e-05,40.021083265175946,245.89628168009915,70.0,0.0858080875298413,0.5459657989945299,0.1500710479651372,0.7818449344895096,0.0,Italy,ITA,the marches,,,Linux-5.15.0-140-generic-x86_64-with-glibc2.35,3.10.12,3.2.7,72,Intel(R) Xeon(R) Gold 6254 CPU @ 3.10GHz,1,1 x NVIDIA RTX A6000,13.5086,43.5939,503.494068145752,machine,3.172931293881638,77.1950852557673,5.075325977933838,18.22625295711736,N,1.0,0.0
2026-06-07T03:48:29,codecarbon,d0221d19-f41b-4755-a476-f2f4a2942a8f,5b0fa12a-3dd7-45bb-9766-cc326314d9f1,7877.159230727702,0.2562148881084188,3.2526305563173105e-05,39.94558032957772,247.3475541169324,70.0,0.0846259250768655,0.5418082273350819,0.1482889896862106,0.7747231420981586,0.0,Italy,ITA,the marches,,,Linux-5.15.0-140-generic-x86_64-with-glibc2.35,3.10.12,3.2.7,72,Intel(R) Xeon(R) Gold 6254 CPU @ 3.10GHz,1,1 x NVIDIA RTX A6000,13.5086,43.5939,503.494068145752,machine,3.190372631311197,78.13773368943151,5.093450337021391,18.321929382941324,N,1.0,0.0
2026-06-07T04:21:11,codecarbon,42feab90-2046-406e-ae9a-8a5a6a87a842,5b0fa12a-3dd7-45bb-9766-cc326314d9f1,1951.3695289604368,0.0612543294080948,3.139043041259703e-05,40.02245599492693,235.42346752295035,70.0,0.020965263266041,0.1275866956804066,0.0366642355397757,0.1852161944862234,0.0,Italy,ITA,the marches,,,Linux-5.15.0-140-generic-x86_64-with-glibc2.35,3.10.12,3.2.7,72,Intel(R) Xeon(R) Gold 6254 CPU @ 3.10GHz,1,1 x NVIDIA RTX A6000,13.5086,43.5939,503.494068145752,machine,3.078520041109972,71.73843782117163,4.8005652620760335,16.93039150963339,N,1.0,0.0
2026-06-07T04:53:46,codecarbon,dcc0e82a-0e76-4b82-8ea3-bd3e029c26a9,5b0fa12a-3dd7-45bb-9766-cc326314d9f1,1945.0867311917243,0.0609635935436468,3.134235227973379e-05,40.02149018703077,234.7857356209421,70.0,0.0208883160526821,0.1269172612559259,0.0365315121260368,0.1843370894346448,0.0,Italy,ITA,the marches,,,Linux-5.15.0-140-generic-x86_64-with-glibc2.35,3.10.12,3.2.7,72,Intel(R) Xeon(R) Gold 6254 CPU @ 3.10GHz,1,1 x NVIDIA RTX A6000,13.5086,43.5939,503.494068145752,machine,3.2150593089221284,71.80505415162455,4.789943269726651,16.861700149465307,N,1.0,0.0
2026-06-07T05:26:32,codecarbon,ed03ac2c-2816-4b9a-acfd-1a68b1c0f9cf,5b0fa12a-3dd7-45bb-9766-cc326314d9f1,1956.2827436067164,0.0611406556053474,3.1253486135968775e-05,40.02348060922136,233.39263400952703,70.0,0.0210135192801944,0.1271098397432979,0.0367491172413238,0.1848724762648161,0.0,Italy,ITA,the marches,,,Linux-5.15.0-140-generic-x86_64-with-glibc2.35,3.10.12,3.2.7,72,Intel(R) Xeon(R) Gold 6254 CPU @ 3.10GHz,1,1 x NVIDIA RTX A6000,13.5086,43.5939,503.494068145752,machine,2.9554871794871804,71.60615384615384,4.812615384615367,16.996786217322715,N,1.0,0.0
2026-06-07T05:59:37,codecarbon,9ba8111d-b11e-4dd1-8008-6c5fccf3f266,5b0fa12a-3dd7-45bb-9766-cc326314d9f1,1974.9275960549712,0.0615727417434204,3.1177214732537744e-05,40.02166048007955,232.9706883486869,70.0,0.0212132649269854,0.1278664859041782,0.0370992347197296,0.1861789855508935,0.0,Italy,ITA,the marches,,,Linux-5.15.0-140-generic-x86_64-with-glibc2.35,3.10.12,3.2.7,72,Intel(R) Xeon(R) Gold 6254 CPU @ 3.10GHz,1,1 x NVIDIA RTX A6000,13.5086,43.5939,503.494068145752,machine,2.7854822335025395,70.71167512690356,4.727309644670024,16.584225008814467,N,1.0,0.0
2026-06-07T08:02:23,codecarbon,1a995a15-8ad0-47c8-9057-60846e11eaa9,5b0fa12a-3dd7-45bb-9766-cc326314d9f1,2200.2375862151384,0.0654228658269332,2.973445515012496e-05,40.09024997509865,217.30427584550512,70.0,0.0236772673054476,0.1328053948553815,0.0413380365218346,0.1978206986826638,0.0,Italy,ITA,the marches,,,Linux-5.15.0-140-generic-x86_64-with-glibc2.35,3.10.12,3.2.7,72,Intel(R) Xeon(R) Gold 6254 CPU @ 3.10GHz,1,1 x NVIDIA RTX A6000,13.5086,43.5939,503.494068145752,machine,3.9044667274384666,64.96809480401095,4.830173199635403,17.23662685891554,N,1.0,0.0
2026-06-07T08:38:58,codecarbon,389cd20c-9112-40be-b4b4-63ba7246a0b1,5b0fa12a-3dd7-45bb-9766-cc326314d9f1,2185.248347263783,0.0650944074952336,2.978810512623903e-05,40.09320437916098,217.86167498087875,70.0,0.0235165111295245,0.1322571608056932,0.0410538593610334,0.1968275312962513,0.0,Italy,ITA,the marches,,,Linux-5.15.0-140-generic-x86_64-with-glibc2.35,3.10.12,3.2.7,72,Intel(R) Xeon(R) Gold 6254 CPU @ 3.10GHz,1,1 x NVIDIA RTX A6000,13.5086,43.5939,503.494068145752,machine,4.068058742542451,65.32354290959155,4.841257457549365,17.295477395760134,N,1.0,0.0
2026-06-07T08:58:21,codecarbon,34dab1ab-5053-45a8-b661-b43b37a190db,5b0fa12a-3dd7-45bb-9766-cc326314d9f1,1152.934492468834,0.0336463786636336,2.918325272026951e-05,40.09668263265034,211.38335341474104,70.0,0.0124044803589485,0.0676797891437672,0.0216530978726119,0.1017373673753277,0.0,Italy,ITA,the marches,,,Linux-5.15.0-140-generic-x86_64-with-glibc2.35,3.10.12,3.2.7,72,Intel(R) Xeon(R) Gold 6254 CPU @ 3.10GHz,1,1 x NVIDIA RTX A6000,13.5086,43.5939,503.494068145752,machine,3.926283724978244,62.26370757180157,4.665796344647513,16.64871710834553,N,1.0,0.0
2026-06-07T09:18:04,codecarbon,eb911a35-6c78-4318-a7a7-3b56842c539c,5b0fa12a-3dd7-45bb-9766-cc326314d9f1,1172.3585908040404,0.0341142302313532,2.909880176504408e-05,40.092470100506326,209.22542985738795,70.0,0.012612307856658,0.0685220473176286,0.022017666280104,0.1031520214543907,0.0,Italy,ITA,the marches,,,Linux-5.15.0-140-generic-x86_64-with-glibc2.35,3.10.12,3.2.7,72,Intel(R) Xeon(R) Gold 6254 CPU @ 3.10GHz,1,1 x NVIDIA RTX A6000,13.5086,43.5939,503.494068145752,machine,3.506928999144568,60.967493584260055,4.554576561163392,16.69537731395816,N,1.0,0.0
2026-06-07T09:47:32,codecarbon,249781a1-c71b-4b61-b991-d483d5c6795c,5b0fa12a-3dd7-45bb-9766-cc326314d9f1,1758.4450284391642,0.051992909030553,2.9567548709045025e-05,40.08522480052967,214.723599655378,70.0,0.0189135425801044,0.1052731017184669,0.033025569825102,0.1572122141236735,0.0,Italy,ITA,the marches,,,Linux-5.15.0-140-generic-x86_64-with-glibc2.35,3.10.12,3.2.7,72,Intel(R) Xeon(R) Gold 6254 CPU @ 3.10GHz,1,1 x NVIDIA RTX A6000,13.5086,43.5939,503.494068145752,machine,3.698573873359954,63.606389047347406,4.580490587564189,16.770476085012188,N,1.0,0.0
2026-06-07T10:17:01,codecarbon,9128ed71-c737-4f26-87e8-a66717a6d2b8,5b0fa12a-3dd7-45bb-9766-cc326314d9f1,1758.4067602455616,0.0519789820636502,2.9560271968239818e-05,40.090178253941694,214.6170808430369,70.0,0.0189188949415686,0.1052261783476069,0.0330250295284825,0.1571701028176581,0.0,Italy,ITA,the marches,,,Linux-5.15.0-140-generic-x86_64-with-glibc2.35,3.10.12,3.2.7,72,Intel(R) Xeon(R) Gold 6254 CPU @ 3.10GHz,1,1 x NVIDIA RTX A6000,13.5086,43.5939,503.494068145752,machine,4.120034246575344,63.2134703196347,4.65399543378996,17.11691520638662,N,1.0,0.0
2026-06-07T10:37:11,codecarbon,6a4b5971-458d-4a12-817e-2a09ae644367,5b0fa12a-3dd7-45bb-9766-cc326314d9f1,1199.447906885296,0.0347667001400832,2.898558573532781e-05,40.09185360300892,209.2046454118816,70.0,0.0129077605085638,0.069682077412267,0.0225350725469489,0.1051249104677799,0.0,Italy,ITA,the marches,,,Linux-5.15.0-140-generic-x86_64-with-glibc2.35,3.10.12,3.2.7,72,Intel(R) Xeon(R) Gold 6254 CPU @ 3.10GHz,1,1 x NVIDIA RTX A6000,13.5086,43.5939,503.494068145752,machine,3.7148829431438144,60.48829431438127,4.558946488294317,16.674450561753083,N,1.0,0.0
2026-06-07T10:57:21,codecarbon,f1062133-37a9-4f83-bd86-857083820dbe,5b0fa12a-3dd7-45bb-9766-cc326314d9f1,1200.2085659652948,0.0348476607089953,2.9034670887362245e-05,40.093226042668746,209.7882494007346,70.0,0.0129122981034997,0.069915446210075,0.0225419685807803,0.1053697128943551,0.0,Italy,ITA,the marches,,,Linux-5.15.0-140-generic-x86_64-with-glibc2.35,3.10.12,3.2.7,72,Intel(R) Xeon(R) Gold 6254 CPU @ 3.10GHz,1,1 x NVIDIA RTX A6000,13.5086,43.5939,503.494068145752,machine,4.402759197324416,60.63795986622073,4.595150501672238,16.746196112106475,N,1.0,0.0
2026-06-07T12:35:18,codecarbon,00d7ca95-ecfc-46ca-b3e8-d457b32494a8,5b0fa12a-3dd7-45bb-9766-cc326314d9f1,5866.381408978254,0.1781360393869095,3.03655741023384e-05,40.09273133413158,224.1985465484074,70.0,0.0631282149791594,0.3653033405757924,0.1102026868718573,0.5386342424268092,0.0,Italy,ITA,the marches,,,Linux-5.15.0-140-generic-x86_64-with-glibc2.35,3.10.12,3.2.7,72,Intel(R) Xeon(R) Gold 6254 CPU @ 3.10GHz,1,1 x NVIDIA RTX A6000,13.5086,43.5939,503.494068145752,machine,4.173193234238847,68.75414317444046,4.77876302750721,17.662311093819035,N,1.0,0.0
2026-06-07T14:13:05,codecarbon,6687347e-188f-4d39-9dc0-2244a2eb5c28,5b0fa12a-3dd7-45bb-9766-cc326314d9f1,5856.782362610102,0.17747868596653485,3.030310415827722e-05,40.09548179014778,223.35868684286788,70.0,0.06301177931925835,0.3636344392406272,0.1100003684614889,0.5366465870213741,0.0,Italy,ITA,the marches,,,Linux-5.15.0-140-generic-x86_64-with-glibc2.35,3.10.12,3.2.7,72,Intel(R) Xeon(R) Gold 6254 CPU @ 3.10GHz,1,1 x NVIDIA RTX A6000,13.5086,43.5939,503.49406814575195,machine,4.185015395141971,68.92969551830312,4.998221005815984,18.790632094579976,N,1.0,0.0
2026-06-01T17:21:02,codecarbon,e00dd1e8-bcec-4b2f-ba8d-9a91bf3a8718,5b0fa12a-3dd7-45bb-9766-cc326314d9f1,2238.489581744001,0.0282162345198927,1.2605032764061174e-05,22.10407310809648,94.86740282159316,20.0,0.0138272598876323,0.0590602086370179,0.0124306409217442,0.0853181094463945,0.0,Italy,ITA,campania,,,Linux-7.0.10-arch1-1-x86_64-with-glibc2.43,3.14.5,3.2.7,20,Intel(R) Core(TM) Ultra 7 255HX,1,1 x NVIDIA GeForce RTX 5070 Laptop GPU,14.2716,40.8449,30.77138900756836,machine,21.24333631484794,88.61985688729875,45.78881932021467,14.089685721559473,N,1.0,0.0
2026-06-01T17:40:28,codecarbon,9c205825-73d5-4205-ba34-8c33baf07513,5b0fa12a-3dd7-45bb-9766-cc326314d9f1,1159.0551490049984,0.0143586728698306,1.2388256833298245e-05,22.70708149810905,91.8497351488917,20.0,0.0073926603966235,0.0295876050589539,0.0064364003135389,0.0434166657691165,0.0,Italy,ITA,campania,,,Linux-7.0.10-arch1-1-x86_64-with-glibc2.43,3.14.5,3.2.7,20,Intel(R) Core(TM) Ultra 7 255HX,1,1 x NVIDIA GeForce RTX 5070 Laptop GPU,14.2716,40.8449,30.77138900756836,machine,20.08850475367329,86.52722558340535,43.41270527225584,13.35889078402375,N,1.0,0.0
2026-06-01T18:09:48,codecarbon,65b8a142-9342-45be-b28b-b70269e4e3ed,5b0fa12a-3dd7-45bb-9766-cc326314d9f1,1753.2124607339974,0.0221950775509265,1.2659662218938584e-05,22.02553894354064,95.67267588040738,20.0,0.0107986509533583,0.04657701781714,0.0097361230005166,0.0671117917710149,0.0,Italy,ITA,campania,,,Linux-7.0.10-arch1-1-x86_64-with-glibc2.43,3.14.5,3.2.7,20,Intel(R) Core(TM) Ultra 7 255HX,1,1 x NVIDIA GeForce RTX 5070 Laptop GPU,14.2716,40.8449,30.77138900756836,machine,20.01267846944603,89.46087949743004,44.19765848086808,13.600702907751792,N,1.0,0.0
2026-06-01T18:29:29,codecarbon,740ec95a-038a-4f49-9584-f4eca488b9eb,5b0fa12a-3dd7-45bb-9766-cc326314d9f1,1173.1501682359994,0.0147060868526261,1.2535553632267615e-05,24.042291442653944,92.08260513694718,20.0,0.007922280673375,0.0300302170797099,0.0065146520622445,0.0444671498153295,0.0,Italy,ITA,campania,,,Linux-7.0.10-arch1-1-x86_64-with-glibc2.43,3.14.5,3.2.7,20,Intel(R) Core(TM) Ultra 7 255HX,1,1 x NVIDIA GeForce RTX 5070 Laptop GPU,14.2716,40.8449,30.77138900756836,machine,19.560921501706485,86.20733788395904,43.83592150170648,13.488740777806616,N,1.0,0.0
2026-06-01T20:11:38,codecarbon,3b97477f-3cc7-49b8-93f9-fc75079c2b60,5b0fa12a-3dd7-45bb-9766-cc326314d9f1,6121.624556448998,0.0798667253465693,1.304665528081618e-05,22.538803994200467,99.3071729181589,20.0,0.0383960827826749,0.1691051402840039,0.0339937223144894,0.2414949453811685,0.0,Italy,ITA,campania,,,Linux-7.0.10-arch1-1-x86_64-with-glibc2.43,3.14.5,3.2.7,20,Intel(R) Core(TM) Ultra 7 255HX,1,1 x NVIDIA GeForce RTX 5070 Laptop GPU,14.2716,40.8449,30.77138900756836,machine,20.61126737530662,91.49108748977925,44.78451349141455,13.780825831240938,N,1.0,0.0
2026-06-02T10:31:06,codecarbon,248900db-0880-41ef-94dd-3021f76d1174,5b0fa12a-3dd7-45bb-9766-cc326314d9f1,2245.0654348020034,0.0284743443618074,1.2683079931841118e-05,23.355430597831,94.61245688521475,20.0,0.0146411087225998,0.058990171080988,0.0124672826024723,0.0860985624060602,0.0,Italy,ITA,lazio,,,Linux-7.0.10-arch1-1-x86_64-with-glibc2.43,3.14.5,3.2.7,20,Intel(R) Core(TM) Ultra 7 255HX,1,1 x NVIDIA GeForce RTX 5070 Laptop GPU,12.5113,41.8919,30.77138900756836,machine,20.521489077128845,89.18056174765938,43.808961212661615,13.480356984302182,N,1.0,0.0
2026-06-02T11:08:18,codecarbon,5246442d-b2ec-4562-a6bb-4c33f252dc9d,5b0fa12a-3dd7-45bb-9766-cc326314d9f1,2224.9853282319964,0.0283038973280185,1.2720936614224413e-05,22.44373435666654,95.9023328340894,20.0,0.0139494375256522,0.0592780699224179,0.0123556701473995,0.0855831775954696,0.0,Italy,ITA,campania,,,Linux-7.0.10-arch1-1-x86_64-with-glibc2.43,3.14.5,3.2.7,20,Intel(R) Core(TM) Ultra 7 255HX,1,1 x NVIDIA GeForce RTX 5070 Laptop GPU,14.2716,40.8449,30.77138900756836,machine,20.497390913180386,89.62573099415205,43.52141250562303,13.392007241740291,N,1.0,0.0
2026-06-02T11:45:39,codecarbon,2347bd10-11f8-4167-acd7-da75cf5b61fc,5b0fa12a-3dd7-45bb-9766-cc326314d9f1,2233.3188170310023,0.0284816435061956,1.2753057597060605e-05,22.938936549371515,95.81042820253754,20.0,0.014301472513391,0.059417143089232,0.012402017402522,0.0861206330051452,0.0,Italy,ITA,campania,,,Linux-7.0.10-arch1-1-x86_64-with-glibc2.43,3.14.5,3.2.7,20,Intel(R) Core(TM) Ultra 7 255HX,1,1 x NVIDIA GeForce RTX 5070 Laptop GPU,14.2716,40.8449,30.77138900756836,machine,20.948901837740923,89.69341102644555,43.691483639623485,13.444270345567322,N,1.0,0.0
2026-06-02T12:22:53,codecarbon,dcb26cf1-12b4-4276-8fa1-449371342db0,5b0fa12a-3dd7-45bb-9766-cc326314d9f1,2226.223079844989,0.0283589056513835,1.2738573195170602e-05,22.00248143033601,96.56270726206635,20.0,0.0136794733163476,0.059708913878204,0.0123611203961554,0.0857495075907072,0.0,Italy,ITA,campania,,,Linux-7.0.10-arch1-1-x86_64-with-glibc2.43,3.14.5,3.2.7,20,Intel(R) Core(TM) Ultra 7 255HX,1,1 x NVIDIA GeForce RTX 5070 Laptop GPU,14.2716,40.8449,30.77138900756836,machine,20.479451438848923,89.4285071942446,43.97810251798561,13.532507553375025,N,1.0,0.0
2026-06-02T12:42:43,codecarbon,c4f9a308-0a1b-45f1-80c9-d99e525eaffb,5b0fa12a-3dd7-45bb-9766-cc326314d9f1,1147.9332563659991,0.0144475366551714,1.2585693963521736e-05,23.98000188041854,92.7930263654959,20.0,0.0077260782191909,0.02958465838993,0.0063746287328664,0.0436853653419874,0.0,Italy,ITA,campania,,,Linux-7.0.10-arch1-1-x86_64-with-glibc2.43,3.14.5,3.2.7,20,Intel(R) Core(TM) Ultra 7 255HX,1,1 x NVIDIA GeForce RTX 5070 Laptop GPU,14.2716,40.8449,30.77138900756836,machine,19.94912739965096,87.30366492146597,43.43926701570681,13.366838278778769,N,1.0,0.0
2026-06-02T13:02:02,codecarbon,53c15937-ab7f-4cf1-a85b-0109ac090119,5b0fa12a-3dd7-45bb-9766-cc326314d9f1,1151.6724509490014,0.0144794082823057,1.257250555083996e-05,23.57620850882061,92.9011844759812,20.0,0.0076711313994002,0.029715099883172,0.0063955050677497,0.0437817363503219,0.0,Italy,ITA,campania,,,Linux-7.0.10-arch1-1-x86_64-with-glibc2.43,3.14.5,3.2.7,20,Intel(R) Core(TM) Ultra 7 255HX,1,1 x NVIDIA GeForce RTX 5070 Laptop GPU,14.2716,40.8449,30.77138900756836,machine,20.18060869565217,86.29652173913044,43.25973913043478,13.311193180913511,N,1.0,0.0
2026-06-02T13:21:16,codecarbon,68769de3-278e-4207-b52d-e422350f9a18,5b0fa12a-3dd7-45bb-9766-cc326314d9f1,1147.0336724650117,0.0145085877331043,1.2648789727266635e-05,24.28969505774732,93.14864450693332,20.0,0.0078200652263249,0.0296804354109959,0.0063694663227609,0.0438699669600818,0.0,Italy,ITA,campania,,,Linux-7.0.10-arch1-1-x86_64-with-glibc2.43,3.14.5,3.2.7,20,Intel(R) Core(TM) Ultra 7 255HX,1,1 x NVIDIA GeForce RTX 5070 Laptop GPU,14.2716,40.8449,30.77138900756836,machine,19.907678883071554,86.10558464223385,43.17835951134381,13.286610388630972,N,1.0,0.0
2026-06-02T13:40:35,codecarbon,22f61496-55b8-4a80-b8eb-f42bc92296c0,5b0fa12a-3dd7-45bb-9766-cc326314d9f1,1151.9440291100036,0.014525157438711,1.2609256241323818e-05,23.884070479482467,93.19301221273312,20.0,0.0077168795932209,0.0298062194005119,0.0063969701851778,0.0439200691789107,0.0,Italy,ITA,campania,,,Linux-7.0.10-arch1-1-x86_64-with-glibc2.43,3.14.5,3.2.7,20,Intel(R) Core(TM) Ultra 7 255HX,1,1 x NVIDIA GeForce RTX 5070 Laptop GPU,14.2716,40.8449,30.77138900756836,machine,20.18304347826087,86.65652173913044,42.974,13.223482894897462,N,1.0,0.0
2026-06-02T14:10:41,codecarbon,c7cf7412-1467-4f69-a995-e5fee5911e17,5b0fa12a-3dd7-45bb-9766-cc326314d9f1,1763.5092477319995,0.0225258202633136,1.2773292962474376e-05,23.4537942304426,95.44310615380174,20.0,0.0115672247521057,0.0467518993459339,0.0097927423964166,0.0681118664944563,0.0,Italy,ITA,campania,,,Linux-7.0.10-arch1-1-x86_64-with-glibc2.43,3.14.5,3.2.7,20,Intel(R) Core(TM) Ultra 7 255HX,1,1 x NVIDIA GeForce RTX 5070 Laptop GPU,14.2716,40.8449,30.77138900756836,machine,19.75839954597049,88.78490351872871,42.5227582292849,13.084688286234654,N,1.0,0.0
2026-06-02T14:40:10,codecarbon,c9010833-7f19-46e4-967f-150b6d4ffcfa,5b0fa12a-3dd7-45bb-9766-cc326314d9f1,1761.7645482020016,0.022468226500272,1.275325157564464e-05,22.418684502558182,96.26505139948024,20.0,0.0110482581769328,0.0471062004627078,0.0097832602032165,0.0679377188428572,0.0,Italy,ITA,campania,,,Linux-7.0.10-arch1-1-x86_64-with-glibc2.43,3.14.5,3.2.7,20,Intel(R) Core(TM) Ultra 7 255HX,1,1 x NVIDIA GeForce RTX 5070 Laptop GPU,14.2716,40.8449,30.77138900756836,machine,19.927443181818184,88.52215909090908,42.09181818181818,12.952097314054315,N,1.0,0.0
2026-06-02T15:09:41,codecarbon,772bc7aa-7027-4b62-89fa-92ea28151ff7,5b0fa12a-3dd7-45bb-9766-cc326314d9f1,1763.6155369649932,0.0224720924005738,1.2742058532352313e-05,22.44492901228028,96.12480943836836,20.0,0.0110723721751128,0.0470836801669138,0.0097933559168944,0.0679494082589211,0.0,Italy,ITA,campania,,,Linux-7.0.10-arch1-1-x86_64-with-glibc2.43,3.14.5,3.2.7,20,Intel(R) Core(TM) Ultra 7 255HX,1,1 x NVIDIA GeForce RTX 5070 Laptop GPU,14.2716,40.8449,30.77138900756836,machine,19.868068181818185,88.8125,42.10931818181818,12.958034534887831,N,1.0,0.0
2026-06-02T15:39:08,codecarbon,d9941150-204b-4eba-8c37-4503e10236df,5b0fa12a-3dd7-45bb-9766-cc326314d9f1,1760.241155005002,0.0225209517476622,1.2794242245516754e-05,22.6897604859718,96.34496775934764,20.0,0.0111897607320792,0.047132697150572,0.0097746875635059,0.0680971454461571,0.0,Italy,ITA,campania,,,Linux-7.0.10-arch1-1-x86_64-with-glibc2.43,3.14.5,3.2.7,20,Intel(R) Core(TM) Ultra 7 255HX,1,1 x NVIDIA GeForce RTX 5070 Laptop GPU,14.2716,40.8449,30.77138900756836,machine,19.72576791808874,88.45620022753128,42.45807736063709,13.06501356218184,N,1.0,0.0
2026-06-02T15:59:20,codecarbon,b61a6949-9b05-490d-b125-268d642b0559,5b0fa12a-3dd7-45bb-9766-cc326314d9f1,1171.5907973680005,0.0147995916639232,1.2632048405612948e-05,23.96158304971463,92.97726522475855,20.0,0.0078856464707343,0.0303582462310219,0.0065059898686609,0.0447498825704172,0.0,Italy,ITA,campania,,,Linux-7.0.10-arch1-1-x86_64-with-glibc2.43,3.14.5,3.2.7,20,Intel(R) Core(TM) Ultra 7 255HX,1,1 x NVIDIA GeForce RTX 5070 Laptop GPU,14.2716,40.8449,30.77138900756836,machine,19.55811965811965,86.70854700854701,42.09205128205128,12.95228520580846,N,1.0,0.0
2026-06-02T16:18:59,codecarbon,abb1b380-dc9b-4996-b025-1c36f0943f67,5b0fa12a-3dd7-45bb-9766-cc326314d9f1,1171.6911435189977,0.0147687637970662,1.2604655995530064e-05,23.15084173331087,93.52534305991422,20.0,0.0076188839398244,0.0305313985917661,0.0065063850736386,0.0446566676052292,0.0,Italy,ITA,campania,,,Linux-7.0.10-arch1-1-x86_64-with-glibc2.43,3.14.5,3.2.7,20,Intel(R) Core(TM) Ultra 7 255HX,1,1 x NVIDIA GeForce RTX 5070 Laptop GPU,14.2716,40.8449,30.77138900756836,machine,19.64042735042735,86.8076923076923,42.04957264957265,12.939109127338115,N,1.0,0.0
2026-06-02T16:38:40,codecarbon,54c04bcb-271d-4c4f-979d-65737fbbdef7,5b0fa12a-3dd7-45bb-9766-cc326314d9f1,1173.934557008004,0.014840931738549,1.264204350230046e-05,23.99971762846716,93.21869362187093,20.0,0.0079274569883494,0.0304284298982799,0.0065189966653666,0.0448748835519959,0.0,Italy,ITA,campania,,,Linux-7.0.10-arch1-1-x86_64-with-glibc2.43,3.14.5,3.2.7,20,Intel(R) Core(TM) Ultra 7 255HX,1,1 x NVIDIA GeForce RTX 5070 Laptop GPU,14.2716,40.8449,30.77138900756836,machine,19.63600682593857,86.33873720136519,40.98046075085324,12.610043275071492,N,1.0,0.0
2026-06-02T16:58:19,codecarbon,f0f5d165-da71-4249-95c2-fc89179e3149,5b0fa12a-3dd7-45bb-9766-cc326314d9f1,1171.554253173992,0.0148505689277695,1.26759549440721e-05,24.121635327138687,93.29931300284518,20.0,0.007938059776276,0.0304600565902479,0.006505907387156,0.04490402375368,0.0,Italy,ITA,campania,,,Linux-7.0.10-arch1-1-x86_64-with-glibc2.43,3.14.5,3.2.7,20,Intel(R) Core(TM) Ultra 7 255HX,1,1 x NVIDIA GeForce RTX 5070 Laptop GPU,14.2716,40.8449,30.77138900756836,machine,19.51760683760684,86.88888888888889,41.16350427350427,12.66708288600302,N,1.0,0.0
2026-06-02T18:41:21,codecarbon,46245726-ccb9-4df3-8d1f-aaf06212a8dd,5b0fa12a-3dd7-45bb-9766-cc326314d9f1,6141.418002332008,0.0803960837273004,1.3090801456076196e-05,22.34184114117428,100.11905953306432,20.0,0.0381779029131312,0.1708154391522418,0.0341022370301112,0.2430955790954843,0.0,Italy,ITA,campania,,,Linux-7.0.10-arch1-1-x86_64-with-glibc2.43,3.14.5,3.2.7,20,Intel(R) Core(TM) Ultra 7 255HX,1,1 x NVIDIA GeForce RTX 5070 Laptop GPU,14.2716,40.8449,30.77138900756836,machine,20.568340397782848,91.48646886208022,41.88379523964787,12.888128243947907,N,1.0,0.0
2026-06-02T20:27:39,codecarbon,5a230bc0-29cb-4883-9646-d926c58af2f2,5b0fa12a-3dd7-45bb-9766-cc326314d9f1,6370.8349456050055,0.0821630268747273,1.289674392387272e-05,22.91557139360556,97.46587870810644,20.0,0.0406148146871035,0.172446694068356,0.0353768189881992,0.2484383277436588,0.0,Italy,ITA,campania,,,Linux-7.0.10-arch1-1-x86_64-with-glibc2.43,3.14.5,3.2.7,20,Intel(R) Core(TM) Ultra 7 255HX,1,1 x NVIDIA GeForce RTX 5070 Laptop GPU,14.2716,40.8449,30.77138900756836,machine,23.090793401413983,88.24257659073056,45.18664571877455,13.904651865393555,N,1.0,0.0
2026-06-02T22:12:55,codecarbon,689dfc8e-9b1f-4490-98fd-b2efe9754d5c,5b0fa12a-3dd7-45bb-9766-cc326314d9f1,6306.927181701001,0.0818708197860184,1.2981094822778273e-05,22.94632948025637,98.33117396840488,20.0,0.0402642597655487,0.1722698275379741,0.0350206868122445,0.2475547741157674,0.0,Italy,ITA,campania,,,Linux-7.0.10-arch1-1-x86_64-with-glibc2.43,3.14.5,3.2.7,20,Intel(R) Core(TM) Ultra 7 255HX,1,1 x NVIDIA GeForce RTX 5070 Laptop GPU,14.2716,40.8449,30.77138900756836,machine,21.894714285714286,89.18825396825397,50.83657142857143,15.643189275226897,N,1.0,0.0
2026-06-02T23:55:30,codecarbon,b90d817c-d827-40ce-8553-376c9bb1e002,5b0fa12a-3dd7-45bb-9766-cc326314d9f1,6147.47730614699,0.08091616820136649,1.3162499700561195e-05,22.469267475945493,100.81816239282246,20.0,0.03842902209319307,0.1721038001829298,0.03413534879822577,0.2446681710743488,0.0,Italy,ITA,campania,,,Linux-7.0.10-arch1-1-x86_64-with-glibc2.43,3.14.5,3.2.7,20,Intel(R) Core(TM) Ultra 7 255HX,1,1 x NVIDIA GeForce RTX 5070 Laptop GPU,14.2716,40.8449,30.77138900756836,machine,20.86961406936981,91.26933724149161,50.94864028659827,15.677489428698017,N,1.0,0.0
2026-06-06T13:40:08,codecarbon,b66303df-4ba0-4fb5-8889-819872a0cb0e,5b0fa12a-3dd7-45bb-9766-cc326314d9f1,11959.9996158,0.1607790262902326,1.3443062830690417e-05,22.01646631364855,104.29635706876375,20.0,0.0731922096417764,0.346547780849114,0.0664114324441552,0.4861514229350462,0.0,Italy,ITA,lazio,,,Linux-7.0.11-arch1-1-x86_64-with-glibc2.43,3.14.5,3.2.7,20,Intel(R) Core(TM) Ultra 7 255HX,1,1 x NVIDIA GeForce RTX 5070 Laptop GPU,12.5127,41.8905,30.771404266357425,machine,11.459549715433546,94.74137931034484,39.88853364579846,12.274266536075372,N,1.0,0.0
2026-06-06T16:55:44,codecarbon,d535084f-478e-47b6-9fe7-f931a14f3fd5,5b0fa12a-3dd7-45bb-9766-cc326314d9f1,11728.812682786996,0.1606026404285967,1.3693000713046974e-05,21.811870830868983,107.28190905629174,20.0,0.0711042242891672,0.3493877933988999,0.0651260630592662,0.4856180807473336,0.0,Italy,ITA,lazio,,,Linux-7.0.11-arch1-1-x86_64-with-glibc2.43,3.14.5,3.2.7,20,Intel(R) Core(TM) Ultra 7 255HX,1,1 x NVIDIA GeForce RTX 5070 Laptop GPU,12.5127,41.8905,30.771404266357425,machine,10.806093709994023,94.46035674660747,43.01851156439362,13.237445624236656,N,1.0,0.0
2026-06-06T19:34:21,codecarbon,9652242b-8f20-42df-9846-8a211bc16873,5b0fa12a-3dd7-45bb-9766-cc326314d9f1,9509.243018262,0.1306577312392663,1.37400769954396e-05,21.23730317929379,108.3629410157309,20.0,0.0561482075040856,0.2861215144525839,0.0528032140167775,0.3950729359734467,0.0,Italy,ITA,lazio,,,Linux-7.0.11-arch1-1-x86_64-with-glibc2.43,3.14.5,3.2.7,20,Intel(R) Core(TM) Ultra 7 255HX,1,1 x NVIDIA GeForce RTX 5070 Laptop GPU,12.5127,41.8905,30.771404266357425,machine,9.870529417956003,94.88516998210714,48.875749921060944,15.039723229977898,N,1.0,0.0
2026-06-06T22:12:32,codecarbon,a6aeb452-84fa-4409-a38d-4b1c7d96aa67,5b0fa12a-3dd7-45bb-9766-cc326314d9f1,9484.099147380002,0.1305943291789885,1.3769819057096789e-05,21.04595937488468,108.79078875444958,20.0,0.0554984149464741,0.286719643819976,0.0526631668668334,0.3948812256332843,0.0,Italy,ITA,lazio,,,Linux-7.0.11-arch1-1-x86_64-with-glibc2.43,3.14.5,3.2.7,20,Intel(R) Core(TM) Ultra 7 255HX,1,1 x NVIDIA GeForce RTX 5070 Laptop GPU,12.5127,41.8905,30.771404266357425,machine,9.49554617414248,95.0629023746702,48.96106596306068,15.0660163295615,N,1.0,0.0
2026-06-06T22:49:29,codecarbon,5101399c-b8f8-465e-aa45-b2fc162dcfe6,5b0fa12a-3dd7-45bb-9766-cc326314d9f1,2209.1665122859995,0.0299296500179716,1.3547937582577746e-05,21.1317231940613,106.1731427796001,20.0,0.0130460290476482,0.0651859082597958,0.0122670679416553,0.0904990052490995,0.0,Italy,ITA,lazio,,,Linux-7.0.11-arch1-1-x86_64-with-glibc2.43,3.14.5,3.2.7,20,Intel(R) Core(TM) Ultra 7 255HX,1,1 x NVIDIA GeForce RTX 5070 Laptop GPU,12.5127,41.8905,30.771404266357425,machine,9.049795918367346,92.55419501133788,48.60054421768707,14.955266370362436,N,1.0,0.0
2026-06-06T23:26:17,codecarbon,afe55e1f-91e1-4246-aca9-d234969308ec,5b0fa12a-3dd7-45bb-9766-cc326314d9f1,2201.503825504995,0.0298609681375182,1.356389563877708e-05,21.10477803779373,106.47188324327762,20.0,0.0129788987336662,0.065087674014542,0.0122247574410111,0.0902913301892193,0.0,Italy,ITA,lazio,,,Linux-7.0.11-arch1-1-x86_64-with-glibc2.43,3.14.5,3.2.7,20,Intel(R) Core(TM) Ultra 7 255HX,1,1 x NVIDIA GeForce RTX 5070 Laptop GPU,12.5127,41.8905,30.771404266357425,machine,9.157506824385806,93.15150136487716,48.79899909008189,15.01625782495417,N,1.0,0.0
2026-06-07T12:34:51,codecarbon,4d3d4f9c-5e44-4e9b-9cd8-2ed88c897e47,5b0fa12a-3dd7-45bb-9766-cc326314d9f1,11313.386945824996,0.1519602471885772,1.3431896912591271e-05,20.795148510772083,105.40622318405006,20.0,0.0653996761896991,0.3312662589016841,0.0628199325921935,0.4594858676835768,0.0,Italy,ITA,lazio,,,Linux-7.0.11-arch1-1-x86_64-with-glibc2.43,3.14.5,3.2.7,20,Intel(R) Core(TM) Ultra 7 255HX,1,1 x NVIDIA GeForce RTX 5070 Laptop GPU,12.5113,41.8919,30.771404266357425,machine,10.311305732484076,96.86296886058032,44.05096426043878,13.555152568088216,N,1.0,0.0
2026-06-07T15:43:02,codecarbon,d5c9dcfc-b78f-4d04-93f2-4d09d5ef3d84,5b0fa12a-3dd7-45bb-9766-cc326314d9f1,11283.49635726599,0.1523435219773986,1.3501446462496286e-05,20.63474983064107,106.33580706457435,20.0,0.0647240170633388,0.33326588466805,0.0626548831832463,0.460644784914636,0.0,Italy,ITA,lazio,,,Linux-7.0.11-arch1-1-x86_64-with-glibc2.43,3.14.5,3.2.7,20,Intel(R) Core(TM) Ultra 7 255HX,1,1 x NVIDIA GeForce RTX 5070 Laptop GPU,12.5127,41.8905,30.771404266357425,machine,9.573458706644194,97.15346402909609,47.24720127738845,14.53852332555168,N,1.0,0.0
2026-06-07T18:16:55,codecarbon,99c21761-b492-41bd-a7c9-6f5f2e1f3b3f,5b0fa12a-3dd7-45bb-9766-cc326314d9f1,9226.291975909,0.1248711261740256,1.353426994290661e-05,20.39746754612517,106.84201617581392,20.0,0.052321645245616,0.2740225192178402,0.0512316740878946,0.3775758385513507,0.0,Italy,ITA,lazio,,,Linux-7.0.11-arch1-1-x86_64-with-glibc2.43,3.14.5,3.2.7,20,Intel(R) Core(TM) Ultra 7 255HX,1,1 x NVIDIA GeForce RTX 5070 Laptop GPU,12.5127,41.8905,30.771404266357425,machine,9.813224126708612,97.07886743328272,47.40903666738989,14.588461766043308,N,1.0,0.0
2026-06-07T20:59:20,codecarbon,1a76c621-b6c8-48f2-b299-84b10591979a,5b0fa12a-3dd7-45bb-9766-cc326314d9f1,9495.075863431994,0.0014942481401979,1.5737084797318237e-07,20.31864649302139,103.60258231971628,20.0,0.0536439407559516,0.27313776573226,0.0527238575526609,0.3795055640408727,0.0,Canada,CAN,quebec,,,Linux-7.0.11-arch1-1-x86_64-with-glibc2.43,3.14.5,3.2.7,20,Intel(R) Core(TM) Ultra 7 255HX,1,1 x NVIDIA GeForce RTX 5070 Laptop GPU,-71.2,46.8,30.771404266357425,machine,9.120193929173691,93.96174114671165,50.26822301854975,15.468309944435878,N,1.0,0.0
2026-06-07T21:45:28,codecarbon,9cc79e93-3875-49d3-b6c3-3909daf35d6d,5b0fa12a-3dd7-45bb-9766-cc326314d9f1,2520.415562320006,0.0003584072029711,1.422016306871444e-07,20.340722729001588,89.56665633327563,20.0,0.0143128444449886,0.0627195257311363,0.0139950328774665,0.0910274030535915,0.0,Canada,CAN,quebec,,,Linux-7.0.11-arch1-1-x86_64-with-glibc2.43,3.14.5,3.2.7,20,Intel(R) Core(TM) Ultra 7 255HX,1,1 x NVIDIA GeForce RTX 5070 Laptop GPU,-71.2,46.8,30.771404266357425,machine,7.563885578069129,80.29956297179181,49.09002781088598,15.106509277258878,N,1.0,0.0
2026-06-07T22:30:45,codecarbon,b4c65e46-810e-4118-ac34-cdd28e353eda,5b0fa12a-3dd7-45bb-9766-cc326314d9f1,2467.0163062249776,0.0003561158431422273,1.4435082664173993e-07,20.57561048251034,91.35502074835597,20.0,0.014172599567792814,0.06257396728135589,0.013698882122716648,0.09044544897186535,0.0,Canada,CAN,quebec,,,Linux-7.0.11-arch1-1-x86_64-with-glibc2.43,3.14.5,3.2.7,20,Intel(R) Core(TM) Ultra 7 255HX,1,1 x NVIDIA GeForce RTX 5070 Laptop GPU,-71.2,46.8,30.771404266357422,machine,7.696103896103897,82.63027597402598,49.19460227272727,15.13850877656565,N,1.0,0.0
