fusion_type,dataset,model,parameters,Pascal mAP@0.5IOU,Pascal AP@0.5IOU/person,Pascal AP@0.5IOU/bike,Pascal AP@0.5IOU/car,COCO AP@[0.50:0.95],COCO AP@0.50,COCO AP@0.75,COCO AP_small,COCO AP_medium,COCO AP_large,COCO AR@1,COCO AR@10,COCO AR@100,COCO AR_small,COCO AR_medium,COCO AR_large,COCO mAP
agnostic,flir_aligned_full,mlp,8464,0.854733812859223,0.8808776140201776,0.7765074716919513,0.90681635286554,0.467,0.852,0.432,0.331,0.532,0.602,0.223,0.554,0.582,0.486,0.629,0.717,0.46724350194233355
agnostic,flir_aligned_full,FastKAN_32_3,17182,0.8635969466136024,0.8925231429863243,0.7888046666910795,0.9094630301634034,0.478,0.861,0.452,0.336,0.544,0.609,0.225,0.561,0.587,0.486,0.640,0.716,0.47799065715263267
agnostic,flir_aligned_full,FastKAN_32_2,13084,0.8608024811399538,0.8916127949758192,0.7839271296443378,0.9068675187997044,0.484,0.858,0.460,0.341,0.549,0.645,0.229,0.568,0.592,0.493,0.642,0.733,0.48408678119857623
agnostic,flir_aligned_full,FastKAN_64_3,8978,0.8595416871042175,0.8907524975363905,0.7790689945286822,0.9088035692475795,0.479,0.856,0.448,0.347,0.539,0.619,0.226,0.565,0.591,0.499,0.634,0.745,0.479077450521205
agnostic,flir_aligned_full,FastKAN_64_2,6928,0.8631607366145643,0.8924564111148551,0.7883796135903596,0.9086461851384786,0.478,0.860,0.454,0.340,0.537,0.626,0.222,0.562,0.588,0.492,0.635,0.742,0.4780273170876696
agnostic,flir_aligned_full,EfficientKAN_32_3,32768,0.8679856675273081,0.8923716819013136,0.8004673492070657,0.9111179714735449,0.481,0.865,0.456,0.341,0.542,0.635,0.226,0.561,0.587,0.492,0.632,0.733,0.48144613910682704
agnostic,flir_aligned_full,EfficientKAN_32_2,28672,0.8573147986211499,0.8942900632313346,0.7665416801171654,0.9111126525149499,0.480,0.854,0.459,0.338,0.547,0.622,0.227,0.562,0.588,0.482,0.642,0.749,0.47959152210507644
agnostic,flir_aligned_full,EfficientKAN_64_3,16384,0.8546179858881328,0.893941411485672,0.7593085388406854,0.9106040073380408,0.479,0.851,0.456,0.343,0.542,0.629,0.223,0.563,0.588,0.490,0.637,0.735,0.47898619985433083
agnostic,flir_aligned_full,EfficientKAN_64_2,14336,0.8660881957190997,0.8928738477848637,0.7960968453818522,0.9092938939905831,0.482,0.863,0.452,0.348,0.544,0.605,0.224,0.565,0.590,0.495,0.640,0.701,0.48192642810398273
agnostic,flir_aligned_full,EfficientKAN_dual_32_3,16384,0.8687895538504655,0.8924640523334153,0.8014107872879188,0.9124938219300622,0.487,0.865,0.463,0.347,0.549,0.633,0.230,0.567,0.594,0.495,0.642,0.747,0.4870810765999054
agnostic,flir_aligned_full,EfficientKAN_dual_32_2,14336,0.8608234679191572,0.889930616778861,0.7804987608157486,0.9120410261628622,0.481,0.858,0.454,0.343,0.547,0.628,0.227,0.566,0.590,0.485,0.646,0.726,0.48136921956098916
agnostic,flir_aligned_full,EfficientKAN_dual_64_3,8192,0.8600511113889034,0.8929960104350625,0.7764379763899951,0.9107193473416526,0.480,0.857,0.448,0.342,0.546,0.602,0.226,0.564,0.588,0.491,0.639,0.710,0.4802767118055063
agnostic,flir_aligned_full,EfficientKAN_dual_64_2,7168,0.8636264395168384,0.8936043428907035,0.7861349736981318,0.9111400019616795,0.480,0.860,0.459,0.341,0.545,0.618,0.224,0.562,0.587,0.490,0.638,0.707,0.48001473642804
agnostic,flir_aligned_full,WavKAN_32,16912,0.8585307293905181,0.8912625993476978,0.7762013132570778,0.908128275566779,0.474,0.856,0.446,0.332,0.543,0.594,0.221,0.558,0.584,0.487,0.634,0.719,0.4742255397788167
agnostic,flir_aligned_full,WavKAN_64,8712,0.8685895841333221,0.8955808914507211,0.7979716895690583,0.9122161713801867,0.479,0.865,0.455,0.342,0.537,0.622,0.221,0.559,0.583,0.489,0.631,0.714,0.4788396671638027
adaptive,flir_aligned_full,mlp,8464,0.8634807825057561,0.8886703841794794,0.7923856465700636,0.9093863167677252,0.470,0.860,0.429,0.330,0.530,0.640,0.222,0.554,0.579,0.487,0.621,0.725,0.46977418370361057
adaptive,flir_aligned_full,FastKAN_32_3,17182,0.8658513919279631,0.8890142871564208,0.8004777398519773,0.9080621487754913,0.478,0.863,0.449,0.341,0.539,0.624,0.223,0.559,0.583,0.488,0.630,0.711,0.47841075137251693
adaptive,flir_aligned_full,FastKAN_32_2,13084,0.8654646258061965,0.8928609042696334,0.7952485188515654,0.908284454297391,0.477,0.862,0.452,0.340,0.536,0.638,0.223,0.560,0.583,0.485,0.631,0.723,0.47733684989604175
adaptive,flir_aligned_full,FastKAN_64_3,8978,0.8690173800964808,0.8900733503553391,0.8095835141095955,0.9073952758245075,0.480,0.866,0.446,0.338,0.544,0.629,0.227,0.563,0.589,0.493,0.638,0.729,0.47954824608812124
adaptive,flir_aligned_full,FastKAN_64_2,6928,0.8648941608095768,0.8906385611801091,0.7941957270328562,0.9098481942157652,0.478,0.862,0.453,0.336,0.542,0.604,0.224,0.561,0.586,0.489,0.636,0.708,0.47779606936763414
adaptive,flir_aligned_full,EfficientKAN_32_3,32768,0.8642452302350483,0.8918488029147373,0.7917770130485104,0.9091098747418971,0.477,0.861,0.436,0.336,0.536,0.664,0.223,0.558,0.583,0.493,0.624,0.739,0.477267692055838
adaptive,flir_aligned_full,EfficientKAN_32_2,28672,0.8608872799468053,0.8917467593122683,0.7805644686892952,0.9103506118388521,0.481,0.858,0.455,0.342,0.542,0.635,0.226,0.565,0.590,0.496,0.635,0.742,0.48125691168253226
adaptive,flir_aligned_full,EfficientKAN_64_3,16384,0.8688836815162525,0.8907764066617145,0.804547760495255,0.9113268773917879,0.481,0.865,0.453,0.338,0.544,0.636,0.228,0.563,0.588,0.490,0.636,0.741,0.4814888310986577
adaptive,flir_aligned_full,EfficientKAN_64_2,14336,0.8614704452481213,0.8940013796064565,0.7834802163734078,0.9069297397644999,0.478,0.858,0.447,0.331,0.546,0.618,0.226,0.559,0.584,0.483,0.635,0.726,0.47756740871688375
adaptive,flir_aligned_full,EfficientKAN_dual_32_3,16384,0.8653966891305419,0.8919588721739246,0.7987264890746764,0.9055047061430244,0.480,0.862,0.449,0.337,0.546,0.624,0.229,0.563,0.588,0.484,0.640,0.744,0.480381029013094
adaptive,flir_aligned_full,EfficientKAN_dual_32_2,14336,0.8607751315121747,0.8913505586936417,0.7828595202846442,0.908115315558238,0.480,0.857,0.455,0.331,0.548,0.621,0.227,0.557,0.582,0.476,0.637,0.730,0.4800216259076996
adaptive,flir_aligned_full,EfficientKAN_dual_64_3,8192,0.8560861447253076,0.8895369700365547,0.7709950991915804,0.9077263649477878,0.477,0.853,0.452,0.337,0.542,0.636,0.224,0.561,0.586,0.484,0.641,0.712,0.47693207847040175
adaptive,flir_aligned_full,EfficientKAN_dual_64_2,7168,0.8616410210002075,0.8919070407467757,0.7840695709404901,0.9089464513133565,0.476,0.858,0.454,0.339,0.541,0.615,0.225,0.562,0.588,0.486,0.641,0.731,0.4758975407250873
adaptive,flir_aligned_full,WavKAN_32,16912,0.8512647674470482,0.8930186781310545,0.7504315936943193,0.9103440305157706,0.472,0.848,0.444,0.329,0.539,0.606,0.222,0.559,0.586,0.491,0.632,0.726,0.4719079073158026
adaptive,flir_aligned_full,WavKAN_64,8712,0.8556317846532253,0.8907736079282984,0.7710976167850687,0.9050241292463088,0.472,0.853,0.441,0.332,0.537,0.606,0.221,0.553,0.579,0.477,0.630,0.727,0.4718622784362134
agnostic,flir_aligned_day,mlp,8464,0.8594351590029232,0.8777121896326417,0.7941417344458492,0.9064515529302785,0.471,0.856,0.428,0.324,0.524,0.644,0.219,0.553,0.580,0.487,0.614,0.720,0.4714240713637253
agnostic,flir_aligned_day,FastKAN_32_3,17182,0.8623086039502832,0.8786385669832211,0.8024140523154021,0.9058731925522264,0.480,0.860,0.452,0.336,0.531,0.647,0.221,0.557,0.584,0.489,0.621,0.720,0.4797039961037812
agnostic,flir_aligned_day,FastKAN_32_2,13084,0.8619230921533187,0.8819202485459583,0.7995435410450691,0.9043054868689289,0.478,0.859,0.453,0.332,0.529,0.645,0.219,0.557,0.583,0.485,0.623,0.719,0.4780404240461838
agnostic,flir_aligned_day,FastKAN_64_3,8978,0.8646445332647613,0.8808151595836314,0.809209735285,0.9039087049256526,0.480,0.862,0.446,0.329,0.536,0.638,0.225,0.559,0.590,0.491,0.630,0.733,0.47959324710216367
agnostic,flir_aligned_day,FastKAN_64_2,6928,0.8603501929150744,0.8793718963983753,0.7953460666719068,0.9063326156749413,0.478,0.857,0.454,0.327,0.534,0.611,0.220,0.557,0.585,0.487,0.625,0.706,0.47765592722012834
agnostic,flir_aligned_day,EfficientKAN_32_3,32768,0.8620458118246622,0.8812764694389388,0.8003441166810564,0.9045168493539913,0.478,0.859,0.434,0.328,0.529,0.686,0.221,0.556,0.585,0.492,0.617,0.757,0.4781309659634139
agnostic,flir_aligned_day,EfficientKAN_32_2,28672,0.8567847525769275,0.8805600610869782,0.7843566394345518,0.9054375572092526,0.480,0.854,0.454,0.331,0.534,0.653,0.223,0.560,0.589,0.490,0.627,0.748,0.4803765986515466
agnostic,flir_aligned_day,EfficientKAN_64_3,16384,0.8638441975262351,0.8802455192518153,0.8037027077337429,0.907584365593147,0.482,0.861,0.451,0.330,0.536,0.667,0.226,0.560,0.588,0.487,0.628,0.748,0.4815982751375024
agnostic,flir_aligned_day,EfficientKAN_64_2,14336,0.8574545211219992,0.8840601031211812,0.7856097458142223,0.9026937144305938,0.479,0.854,0.449,0.320,0.539,0.637,0.224,0.556,0.584,0.480,0.626,0.727,0.4786709761287697
agnostic,flir_aligned_day,EfficientKAN_dual_32_3,16384,0.8624751652282848,0.883077336691071,0.8019123562372356,0.9024358027565482,0.482,0.859,0.451,0.332,0.539,0.636,0.227,0.561,0.589,0.485,0.633,0.736,0.4824265100762109
agnostic,flir_aligned_day,EfficientKAN_dual_32_2,14336,0.8572174798694235,0.8810882700247662,0.7865275458033081,0.9040366237801961,0.482,0.854,0.458,0.324,0.541,0.634,0.225,0.555,0.584,0.476,0.630,0.720,0.48165579076153603
agnostic,flir_aligned_day,EfficientKAN_dual_64_3,8192,0.8531219893826215,0.8800183441929742,0.7754913082928734,0.9038563156620174,0.479,0.850,0.453,0.329,0.537,0.631,0.220,0.559,0.588,0.481,0.635,0.712,0.4786309923617801
agnostic,flir_aligned_day,EfficientKAN_dual_64_2,7168,0.8585658776084504,0.8807237080968925,0.7915702755022427,0.9034036492262157,0.478,0.855,0.457,0.332,0.535,0.635,0.222,0.559,0.588,0.482,0.633,0.727,0.47780244625896634
agnostic,flir_aligned_day,WavKAN_32,16912,0.8510769592413574,0.884177581580998,0.7639028618997306,0.9051504342433438,0.476,0.848,0.448,0.319,0.534,0.617,0.220,0.556,0.586,0.490,0.625,0.715,0.47563983696293993
agnostic,flir_aligned_day,WavKAN_64,8712,0.8528395705844997,0.8809961288185219,0.77442992883801,0.9030926540969672,0.475,0.850,0.447,0.328,0.533,0.621,0.220,0.553,0.581,0.477,0.623,0.720,0.4754479108414876
adaptive,flir_aligned_day,mlp,8464,0.8594799434222495,0.8777156089756797,0.7942657297669866,0.9064584915240822,0.471,0.856,0.428,0.323,0.524,0.644,0.219,0.553,0.580,0.487,0.614,0.720,0.47133454759068877
adaptive,flir_aligned_day,FastKAN_32_3,17182,0.8624218326334252,0.8788582413020383,0.8025326005987594,0.9058746559994779,0.480,0.860,0.452,0.336,0.531,0.647,0.221,0.557,0.584,0.489,0.621,0.720,0.4797132565367
adaptive,flir_aligned_day,FastKAN_32_2,13084,0.8617450224326185,0.8814050282913922,0.7995162792962028,0.9043137597102606,0.478,0.859,0.453,0.333,0.529,0.645,0.220,0.558,0.584,0.485,0.624,0.719,0.4782878302564036
adaptive,flir_aligned_day,FastKAN_64_3,8978,0.8646037990418417,0.8808155948926266,0.8091113947154247,0.9038844075174736,0.480,0.862,0.446,0.329,0.536,0.637,0.225,0.559,0.590,0.491,0.630,0.733,0.47958831859338885
adaptive,flir_aligned_day,FastKAN_64_2,6928,0.860377068542821,0.879376342214556,0.7953986790968859,0.9063561843170213,0.478,0.857,0.454,0.327,0.534,0.611,0.220,0.557,0.585,0.487,0.625,0.706,0.4777286188707343
adaptive,flir_aligned_day,EfficientKAN_32_3,32768,0.8621239739298981,0.8813559659765681,0.8002713433061153,0.9047446125070113,0.478,0.859,0.434,0.328,0.529,0.686,0.221,0.556,0.585,0.492,0.617,0.757,0.47808904587951395
adaptive,flir_aligned_day,EfficientKAN_32_2,28672,0.856760505075818,0.880556806701976,0.784286232479845,0.9054384760456329,0.480,0.854,0.454,0.331,0.534,0.653,0.223,0.561,0.589,0.490,0.627,0.748,0.48042411969767296
adaptive,flir_aligned_day,EfficientKAN_64_3,16384,0.8638398408271645,0.8803686339044794,0.8038265749037582,0.9073243136732556,0.482,0.860,0.452,0.330,0.536,0.659,0.226,0.560,0.588,0.487,0.628,0.748,0.4815224337603999
adaptive,flir_aligned_day,EfficientKAN_64_2,14336,0.8574584986287497,0.8840026056090453,0.7856703211711444,0.9027025691060593,0.479,0.854,0.449,0.320,0.539,0.638,0.224,0.556,0.584,0.480,0.625,0.728,0.47867559140733656
adaptive,flir_aligned_day,EfficientKAN_dual_32_3,16384,0.8624836752614929,0.883072163335513,0.8019446536609911,0.9024342087879746,0.483,0.859,0.451,0.333,0.539,0.636,0.227,0.561,0.589,0.485,0.633,0.736,0.48270224768613107
adaptive,flir_aligned_day,EfficientKAN_dual_32_2,14336,0.8572179165506482,0.8810763885995514,0.7865828997566247,0.9039944612957683,0.482,0.854,0.459,0.324,0.542,0.634,0.225,0.555,0.584,0.476,0.631,0.720,0.4819382280743156
adaptive,flir_aligned_day,EfficientKAN_dual_64_3,8192,0.8531648475799033,0.8800091147220606,0.7756325497068957,0.9038528783107539,0.479,0.850,0.454,0.329,0.537,0.631,0.220,0.559,0.588,0.481,0.635,0.712,0.47867027128820655
adaptive,flir_aligned_day,EfficientKAN_dual_64_2,7168,0.8585628953259204,0.8807228163903467,0.791558105841677,0.9034077637457377,0.478,0.855,0.457,0.332,0.535,0.635,0.222,0.559,0.588,0.482,0.634,0.727,0.47782823177920125
adaptive,flir_aligned_day,WavKAN_32,16912,0.8510733094226747,0.8842147115238977,0.7638882621970888,0.9051169545470374,0.476,0.848,0.448,0.320,0.534,0.617,0.220,0.556,0.586,0.490,0.625,0.715,0.4756618946777653
adaptive,flir_aligned_day,WavKAN_64,8712,0.852820357233414,0.8809981432167031,0.774368648586096,0.9030942798974428,0.475,0.850,0.447,0.328,0.533,0.621,0.220,0.553,0.580,0.477,0.623,0.720,0.4753892307805353
agnostic,flir_aligned_night,mlp,8464,0.8374447002004833,0.9155019109554445,0.6724262193498509,0.9244059702961547,0.460,0.834,0.447,0.356,0.548,0.559,0.230,0.559,0.576,0.472,0.667,0.678,0.4603967722495325
agnostic,flir_aligned_night,FastKAN_32_3,17182,0.8433805193402474,0.9139841988992081,0.6914437968448858,0.924713562276648,0.475,0.840,0.493,0.382,0.551,0.615,0.234,0.578,0.596,0.515,0.654,0.732,0.4745204089358915
agnostic,flir_aligned_night,FastKAN_32_2,13084,0.8384303603479245,0.9135900855761457,0.6754337963920088,0.9262671990756188,0.465,0.835,0.461,0.373,0.545,0.557,0.228,0.566,0.586,0.507,0.647,0.691,0.4650234456905707
agnostic,flir_aligned_night,FastKAN_64_3,8978,0.8387237823161137,0.9141257755069973,0.6765275015371977,0.9255180699041465,0.461,0.836,0.461,0.357,0.550,0.567,0.234,0.559,0.576,0.479,0.656,0.686,0.46074821457180587
agnostic,flir_aligned_night,FastKAN_64_2,6928,0.8470134086148645,0.9160580791424888,0.700094002498953,0.9248881442031514,0.469,0.844,0.459,0.374,0.547,0.583,0.229,0.567,0.586,0.495,0.658,0.702,0.4690759869109516
agnostic,flir_aligned_night,EfficientKAN_32_3,32768,0.8287814466464548,0.9141740303828916,0.6539249458095208,0.9182453637469521,0.472,0.826,0.474,0.373,0.563,0.552,0.231,0.573,0.592,0.501,0.676,0.653,0.47235236086939497
agnostic,flir_aligned_night,EfficientKAN_32_2,28672,0.8402267935749368,0.9104923302217838,0.6843234191601995,0.9258646313428273,0.466,0.837,0.457,0.367,0.552,0.564,0.235,0.569,0.588,0.492,0.671,0.675,0.46636245519086933
agnostic,flir_aligned_night,EfficientKAN_64_3,16384,0.8169701514308216,0.9140932277404329,0.6128097572651543,0.9240074692868778,0.465,0.814,0.475,0.387,0.532,0.562,0.236,0.573,0.591,0.502,0.658,0.730,0.4649969148036716
agnostic,flir_aligned_night,EfficientKAN_64_2,14336,0.8419798190747899,0.914701885278866,0.6855835244080738,0.9256540475374299,0.470,0.839,0.472,0.375,0.549,0.570,0.225,0.569,0.587,0.501,0.657,0.687,0.4696460131702425
agnostic,flir_aligned_night,EfficientKAN_dual_32_3,16384,0.8517492392661592,0.9100267015661198,0.7163146522446031,0.9289063639877546,0.468,0.848,0.461,0.367,0.549,0.567,0.232,0.562,0.579,0.491,0.648,0.703,0.46831452424562914
agnostic,flir_aligned_night,EfficientKAN_dual_32_2,14336,0.829149625755511,0.918574057996675,0.6472841709138718,0.921590648355986,0.463,0.826,0.458,0.376,0.548,0.572,0.231,0.568,0.587,0.492,0.661,0.722,0.46317003581458244
agnostic,flir_aligned_night,EfficientKAN_dual_64_3,8192,0.8329162972802825,0.9167446028253303,0.6617104667276122,0.9202938222879051,0.455,0.830,0.450,0.364,0.534,0.567,0.234,0.563,0.580,0.485,0.648,0.745,0.45532171242082636
agnostic,flir_aligned_night,EfficientKAN_dual_64_2,7168,0.8289008399042842,0.9133096810555816,0.6491349475598127,0.9242578910974583,0.460,0.826,0.466,0.368,0.545,0.539,0.232,0.561,0.577,0.483,0.657,0.669,0.4604927525222488
agnostic,flir_aligned_night,WavKAN_32,16912,0.8244184723425442,0.9180988854536807,0.6276435003340414,0.9275130312399106,0.466,0.822,0.466,0.379,0.543,0.570,0.232,0.575,0.595,0.508,0.662,0.727,0.4656772497831242
agnostic,flir_aligned_night,WavKAN_64,8712,0.8392553122670002,0.9134460061444862,0.6770625623142732,0.927257368342241,0.466,0.836,0.455,0.373,0.547,0.548,0.231,0.570,0.587,0.497,0.660,0.703,0.46624326604212724
adaptive,flir_aligned_night,mlp,8464,0.879085743560205,0.9140463852005186,0.7948691243997639,0.9283417210803322,0.474,0.875,0.449,0.357,0.558,0.645,0.234,0.558,0.576,0.483,0.645,0.735,0.47425127647531384
adaptive,flir_aligned_night,FastKAN_32_3,17182,0.8774481763214542,0.9136883777147498,0.7936808334841973,0.9249753177654156,0.482,0.874,0.453,0.363,0.574,0.634,0.233,0.568,0.583,0.486,0.663,0.697,0.48199002793637796
adaptive,flir_aligned_night,FastKAN_32_2,13084,0.8778867942206147,0.9189078223117343,0.7863437071163072,0.9284088532338024,0.483,0.874,0.463,0.362,0.566,0.643,0.238,0.566,0.582,0.482,0.657,0.733,0.48317241112405224
adaptive,flir_aligned_night,FastKAN_64_3,8978,0.8871461125387793,0.9133857258606812,0.8199711898106046,0.9280814219450519,0.488,0.883,0.460,0.371,0.576,0.626,0.235,0.575,0.591,0.496,0.666,0.723,0.48841342995163467
adaptive,flir_aligned_night,FastKAN_64_2,6928,0.8825561780319552,0.9180487183501598,0.7998079056700597,0.9298119100756461,0.486,0.879,0.467,0.368,0.575,0.641,0.240,0.575,0.592,0.488,0.677,0.713,0.4864341114082988
adaptive,flir_aligned_night,EfficientKAN_32_3,32768,0.8724082202668919,0.9161164566746804,0.7694438913188568,0.9316643128071387,0.481,0.869,0.453,0.368,0.567,0.643,0.233,0.563,0.580,0.494,0.646,0.706,0.48123898370111484
adaptive,flir_aligned_night,EfficientKAN_32_2,28672,0.8754226409061648,0.9173802653554088,0.7780576213982107,0.9308300359648748,0.489,0.871,0.468,0.372,0.572,0.636,0.242,0.579,0.596,0.506,0.664,0.734,0.48900375504161714
adaptive,flir_aligned_night,EfficientKAN_64_3,16384,0.8892534548195726,0.9153821378146645,0.8196328459721804,0.932745380671873,0.487,0.886,0.464,0.365,0.575,0.629,0.239,0.573,0.590,0.495,0.662,0.732,0.48696386769052075
adaptive,flir_aligned_night,EfficientKAN_64_2,14336,0.8747226224999016,0.9174387350572359,0.780687590350953,0.9260415420915158,0.479,0.872,0.449,0.368,0.572,0.614,0.236,0.573,0.591,0.492,0.669,0.726,0.4788263637407101
adaptive,flir_aligned_night,EfficientKAN_dual_32_3,16384,0.8770723551984174,0.9130124252373961,0.790492783735978,0.9277118566218784,0.480,0.873,0.461,0.356,0.573,0.652,0.240,0.568,0.587,0.482,0.664,0.763,0.47999632158440353
adaptive,flir_aligned_night,EfficientKAN_dual_32_2,14336,0.8745296215404235,0.9156091838932012,0.7815642015566122,0.9264154791714572,0.478,0.871,0.450,0.353,0.569,0.619,0.234,0.563,0.579,0.473,0.658,0.752,0.4781615198326389
adaptive,flir_aligned_night,EfficientKAN_dual_64_3,8192,0.8648735127090325,0.9132951901180872,0.7519609091995042,0.9293644388095064,0.478,0.861,0.453,0.364,0.563,0.652,0.239,0.566,0.584,0.486,0.662,0.715,0.47829705218202956
adaptive,flir_aligned_night,EfficientKAN_dual_64_2,7168,0.873521211415908,0.9190152069393154,0.7680267040148469,0.9335217232935618,0.476,0.871,0.455,0.362,0.573,0.621,0.234,0.572,0.590,0.491,0.665,0.741,0.476114422190362
adaptive,flir_aligned_night,WavKAN_32,16912,0.8593241410510938,0.9143043883442945,0.7314273301323543,0.9322407046766321,0.467,0.856,0.436,0.364,0.554,0.614,0.232,0.568,0.586,0.491,0.654,0.746,0.466824481150374
adaptive,flir_aligned_night,WavKAN_64,8712,0.8681792004706094,0.9142888362589794,0.7659778312820144,0.9242709338708344,0.465,0.865,0.431,0.348,0.550,0.628,0.226,0.557,0.577,0.475,0.653,0.741,0.46463792209756427
