fusion_type,dataset,model,parameters,Pascal mAP@0.5IOU,Pascal AP@0.5IOU/people,Pascal AP@0.5IOU/car,Pascal AP@0.5IOU/motorcycle,Pascal AP@0.5IOU/bus,Pascal AP@0.5IOU/truck,Pascal AP@0.5IOU/lamp,COCO AP@[0.50:0.95],COCO AP@0.50,COCO AP@0.75,COCO AP_small,COCO AP_medium,COCO AP_large,COCO AR@1,COCO AR@10,COCO AR@100,COCO AR_small,COCO AR_medium,COCO AR_large,COCO mAP
agnostic,m3fd_full,mlp,8464,0.8046422422454601,0.7824139387156956,0.9142569297948503,0.688058588747138,0.8855928666440468,0.8534277919272935,0.7041033376437371,0.526,0.802,0.558,0.196,0.658,0.804,0.317,0.571,0.602,0.354,0.719,0.846,0.5261311001424883
agnostic,m3fd_full,FastKAN_32_3,17182,0.804333525439957,0.7921057108191215,0.9135138088419125,0.681346334232118,0.8822739095934738,0.8651418482902347,0.6916195408628812,0.525,0.802,0.556,0.199,0.655,0.801,0.315,0.569,0.598,0.335,0.717,0.843,0.5246019441247946
agnostic,m3fd_full,FastKAN_32_2,13084,0.8085348094099684,0.7862773631796509,0.9126202818703026,0.7143808904456594,0.8769477417342098,0.8630090251144322,0.6979735541155556,0.531,0.806,0.565,0.204,0.665,0.796,0.317,0.573,0.603,0.342,0.725,0.833,0.5309554953706599
agnostic,m3fd_full,FastKAN_64_3,8978,0.8035507251732538,0.7949834279392248,0.9125255081874952,0.6854646500248072,0.8825324847005097,0.8560161078545341,0.689782172332952,0.527,0.801,0.562,0.201,0.666,0.797,0.316,0.572,0.601,0.339,0.725,0.837,0.5272913961566668
agnostic,m3fd_full,FastKAN_64_2,6928,0.804254647087669,0.7807075260439045,0.9121800261726635,0.6960013215830312,0.8794464224620484,0.8610671719346463,0.6961254143297202,0.528,0.801,0.562,0.198,0.663,0.799,0.316,0.571,0.600,0.348,0.722,0.832,0.5283723063723467
agnostic,m3fd_full,EfficientKAN_32_3,32768,0.8121398935591523,0.7968723515484459,0.9140653393235239,0.7133099764693213,0.8859145863544022,0.8662932975238026,0.6963838101354183,0.532,0.810,0.559,0.206,0.663,0.808,0.320,0.576,0.603,0.348,0.724,0.844,0.5320691346940972
agnostic,m3fd_full,EfficientKAN_32_2,28672,0.8075378064834728,0.7960056519831501,0.9149249003750439,0.6939608307476747,0.8776406463165409,0.8584466751479638,0.704248134330463,0.530,0.804,0.566,0.203,0.664,0.804,0.316,0.571,0.602,0.342,0.722,0.844,0.5298799395407412
agnostic,m3fd_full,EfficientKAN_64_3,16384,0.8054709516873074,0.7867444687557162,0.9146078359615168,0.6945984189703516,0.8820582664740348,0.8561348302633414,0.6986818896988843,0.528,0.803,0.558,0.201,0.662,0.797,0.316,0.572,0.601,0.344,0.723,0.839,0.5280327081789569
agnostic,m3fd_full,EfficientKAN_64_2,14336,0.8072425776087088,0.7976381023690255,0.9145059269780034,0.6809953480597722,0.8822129885384303,0.8597963728512567,0.7083067268557647,0.527,0.804,0.555,0.202,0.660,0.798,0.315,0.571,0.601,0.347,0.720,0.840,0.5269670152722424
agnostic,m3fd_full,EfficientKAN_dual_32_3,16384,0.8052605871111626,0.7944153916194112,0.913439650872756,0.6808377063553984,0.8880021772208524,0.8588080908960365,0.6960605057025206,0.526,0.802,0.560,0.201,0.659,0.799,0.317,0.573,0.603,0.345,0.724,0.845,0.5258483642779698
agnostic,m3fd_full,EfficientKAN_dual_32_2,14336,0.8122171107251172,0.791319676688828,0.9160177893645496,0.7025755427556427,0.8899052234082722,0.8599813723435658,0.7135030597898457,0.530,0.809,0.562,0.205,0.661,0.798,0.315,0.575,0.603,0.342,0.723,0.840,0.5298079312969906
agnostic,m3fd_full,EfficientKAN_dual_64_3,8192,0.8083703941439181,0.7957348571549994,0.9140412405413196,0.6961323479704136,0.8847328990320429,0.8604590364982867,0.6991219836664467,0.528,0.807,0.570,0.203,0.661,0.800,0.317,0.572,0.599,0.335,0.721,0.841,0.5278186551519761
agnostic,m3fd_full,EfficientKAN_dual_64_2,7168,0.8051198151930983,0.7916093075314565,0.9127829884333178,0.6902937626258276,0.8842483270928132,0.853809914742621,0.6979745907325541,0.525,0.803,0.557,0.198,0.657,0.802,0.314,0.569,0.598,0.337,0.718,0.844,0.5250925800361951
agnostic,m3fd_full,WavKAN_32,16912,0.8030568934550634,0.7906390345350374,0.9132936541687082,0.6801081222560008,0.8912823290720429,0.8584288361191494,0.684589384579442,0.528,0.800,0.566,0.204,0.664,0.795,0.316,0.574,0.605,0.353,0.725,0.837,0.5282628868283624
agnostic,m3fd_full,WavKAN_64,8712,0.8001847745684151,0.7942420834182027,0.9153960773802708,0.668875740584837,0.8812254220878861,0.8595165096483065,0.6818528142909874,0.526,0.797,0.563,0.196,0.665,0.803,0.315,0.572,0.602,0.338,0.729,0.845,0.5259207699237175
adaptive,m3fd_full,mlp,8464,0.8145755039223069,0.7986414197825918,0.9158542536154424,0.7215671738984164,0.8871420871147121,0.8600379295222067,0.7042101596004724,0.529,0.811,0.564,0.203,0.658,0.810,0.317,0.573,0.603,0.344,0.719,0.849,0.5292433491048164
adaptive,m3fd_full,FastKAN_32_3,17182,0.8053440911645241,0.7933580402344995,0.9119305582261289,0.6936853164912326,0.8922190752907003,0.8536762377752816,0.6871953189693014,0.527,0.803,0.563,0.196,0.659,0.800,0.315,0.572,0.602,0.349,0.719,0.839,0.5268750394923245
adaptive,m3fd_full,FastKAN_32_2,13084,0.809640837845737,0.7931900501761372,0.9138166748358092,0.6994587968841621,0.895462388046063,0.8620276811190988,0.6938894360131516,0.529,0.806,0.570,0.201,0.664,0.799,0.319,0.576,0.604,0.337,0.727,0.841,0.5294921186682585
adaptive,m3fd_full,FastKAN_64_3,8978,0.808613356908423,0.7936439964776166,0.9158849429496404,0.6950339069882612,0.8884062859762922,0.8600846972923487,0.6986263117663779,0.531,0.806,0.562,0.205,0.664,0.804,0.318,0.575,0.605,0.351,0.722,0.844,0.5307196727835682
adaptive,m3fd_full,FastKAN_64_2,6928,0.8052902911752917,0.795313493180625,0.9142004138978392,0.6917014848568309,0.8907440201687897,0.861545452746266,0.6782368822014,0.529,0.802,0.561,0.208,0.663,0.800,0.317,0.576,0.606,0.359,0.726,0.839,0.528818635235954
adaptive,m3fd_full,EfficientKAN_32_3,32768,0.8034012210892209,0.8005585915986104,0.9148094570460927,0.6821190384457209,0.8878263008959092,0.8554539329050943,0.679640005643898,0.527,0.801,0.563,0.199,0.664,0.797,0.316,0.574,0.603,0.339,0.725,0.838,0.5272494122189293
adaptive,m3fd_full,EfficientKAN_32_2,28672,0.8058691557519113,0.7849368142089749,0.916476862839352,0.6925459833582329,0.8836084681901923,0.8638266356682642,0.6938201702464513,0.531,0.803,0.569,0.201,0.664,0.807,0.318,0.575,0.603,0.337,0.724,0.845,0.5307111424884968
adaptive,m3fd_full,EfficientKAN_64_3,16384,0.8043364264182592,0.7913637088394103,0.9152056870022014,0.69413822805911,0.884823739573765,0.8563375394074741,0.6841496556275942,0.529,0.802,0.563,0.197,0.663,0.798,0.315,0.573,0.602,0.343,0.722,0.837,0.5286844382264039
adaptive,m3fd_full,EfficientKAN_64_2,14336,0.8070641261630094,0.8045407581591122,0.9120390514270964,0.7010188289575154,0.8850013073502349,0.8544521497637233,0.6853326613203738,0.529,0.804,0.564,0.200,0.664,0.792,0.316,0.575,0.603,0.342,0.726,0.833,0.5288736417369704
adaptive,m3fd_full,EfficientKAN_dual_32_3,16384,0.80536385557548,0.7989455575511353,0.9150799383292849,0.6842242807287543,0.8787610797365291,0.8598691707812592,0.695303106325917,0.529,0.803,0.563,0.191,0.665,0.800,0.318,0.574,0.604,0.340,0.725,0.839,0.5293108894138056
adaptive,m3fd_full,EfficientKAN_dual_32_2,14336,0.8015561380069428,0.7833339754463718,0.9119559073086558,0.6991169311279787,0.8807556448867847,0.8516744822456568,0.6824998870262091,0.524,0.799,0.556,0.190,0.660,0.801,0.316,0.568,0.598,0.330,0.721,0.839,0.5236054644715148
adaptive,m3fd_full,EfficientKAN_dual_64_3,8192,0.8059304166428984,0.7887308412779988,0.9128422581453187,0.7006473187692204,0.8815561312649414,0.8614622672047714,0.69034368319514,0.529,0.803,0.556,0.199,0.664,0.797,0.318,0.575,0.605,0.346,0.725,0.835,0.5292406997666265
adaptive,m3fd_full,EfficientKAN_dual_64_2,7168,0.8054937812351252,0.7887376089393162,0.9146038114055379,0.7074687962920816,0.878756933521854,0.8625065480272622,0.6808889892246993,0.529,0.802,0.563,0.194,0.663,0.799,0.317,0.571,0.600,0.331,0.722,0.832,0.5289653135313466
adaptive,m3fd_full,WavKAN_32,16912,0.8045557524280027,0.7915199417646687,0.9138740539489881,0.6992105716323828,0.8825757968892942,0.8638035525262959,0.6763505978063868,0.528,0.802,0.565,0.198,0.662,0.799,0.315,0.571,0.602,0.339,0.722,0.841,0.5284384266032449
adaptive,m3fd_full,WavKAN_64,8712,0.8083730224428463,0.8014834499436776,0.9131743566938781,0.7099654607138224,0.8794778561050689,0.86474407312921,0.6813929380714203,0.530,0.806,0.565,0.202,0.663,0.806,0.318,0.574,0.605,0.344,0.724,0.847,0.5298280787315761
agnostic,m3fd_day,mlp,8464,0.7604530321320144,0.6870953256689047,0.890271860304441,0.5655827976639968,0.8573298762722932,0.8492695454737489,0.7131687874087014,0.480,0.759,0.511,0.191,0.649,0.762,0.306,0.543,0.559,0.329,0.715,0.797,0.48030509143369204
agnostic,m3fd_day,FastKAN_32_3,17182,0.7488289148672055,0.6830874241734805,0.8877892487984919,0.5098876956778541,0.8671125076098843,0.8455283451503476,0.6995682677931744,0.477,0.747,0.500,0.189,0.642,0.732,0.303,0.538,0.558,0.341,0.704,0.767,0.4769096823009933
agnostic,m3fd_day,FastKAN_32_2,13084,0.7576449947240992,0.6898913642723387,0.8841943486802113,0.5540452512165599,0.8558316944047095,0.8576495226047399,0.7042577871660356,0.482,0.756,0.513,0.192,0.655,0.750,0.309,0.545,0.561,0.320,0.723,0.791,0.4820035154810704
agnostic,m3fd_day,FastKAN_64_3,8978,0.7562578137481185,0.6906573820012983,0.8893674497406792,0.5191165860633477,0.865328318896563,0.8550289769081711,0.7180481688786522,0.483,0.754,0.508,0.196,0.648,0.761,0.306,0.542,0.560,0.335,0.711,0.796,0.4826979867706815
agnostic,m3fd_day,FastKAN_64_2,6928,0.757317282723934,0.7018520355077893,0.8871542419400462,0.5212877832708314,0.8672338088468358,0.8602999710996596,0.7060758556784407,0.484,0.756,0.507,0.198,0.653,0.750,0.303,0.547,0.567,0.352,0.722,0.785,0.4836277678595832
agnostic,m3fd_day,EfficientKAN_32_3,32768,0.7455081604956401,0.6829882018960769,0.8899338688560794,0.4874673174102631,0.8601531738397736,0.8507410893211101,0.7017653116505372,0.479,0.744,0.505,0.188,0.654,0.744,0.302,0.538,0.555,0.319,0.714,0.779,0.4790645741397516
agnostic,m3fd_day,EfficientKAN_32_2,28672,0.753754620562633,0.7002894558091987,0.8883080439795467,0.5214715675724568,0.8563891189751567,0.8593411751153543,0.6967283619240844,0.482,0.752,0.512,0.190,0.655,0.761,0.306,0.541,0.558,0.320,0.716,0.791,0.48246621825992153
agnostic,m3fd_day,EfficientKAN_64_3,16384,0.7485648570857059,0.7020296827346257,0.8872843292019057,0.5045736216737017,0.8541884576567544,0.8481548629148474,0.6951581883324001,0.480,0.746,0.502,0.192,0.648,0.751,0.304,0.541,0.557,0.327,0.711,0.784,0.47988495784312474
agnostic,m3fd_day,EfficientKAN_64_2,14336,0.7479225572509495,0.6998253102605061,0.8832303005002112,0.5006224958838739,0.8480052887341868,0.8547167614978195,0.7011351866290993,0.478,0.747,0.497,0.184,0.651,0.744,0.302,0.542,0.557,0.324,0.717,0.782,0.477849907573293
agnostic,m3fd_day,EfficientKAN_dual_32_3,16384,0.7490252511788529,0.6940001724456365,0.8855603030389283,0.5155927167823694,0.8478835194434537,0.8505729249339566,0.7005418704287729,0.479,0.748,0.501,0.180,0.654,0.750,0.304,0.539,0.557,0.322,0.716,0.783,0.4791122652792798
agnostic,m3fd_day,EfficientKAN_dual_32_2,14336,0.7437949662419356,0.682944508258746,0.8803885985196808,0.5222960897980204,0.8450805667616168,0.8426135108190567,0.6894465232944933,0.473,0.742,0.506,0.177,0.645,0.737,0.305,0.534,0.555,0.314,0.714,0.774,0.4730938021200223
agnostic,m3fd_day,EfficientKAN_dual_64_3,8192,0.7505990219472264,0.6768892867420631,0.884972366664659,0.542429625225785,0.8538464781016479,0.8546581636251169,0.6907982113240859,0.482,0.749,0.503,0.193,0.649,0.752,0.308,0.544,0.562,0.338,0.712,0.783,0.4823374350065552
agnostic,m3fd_day,EfficientKAN_dual_64_2,7168,0.7571699566632049,0.6908567763294406,0.886715713160297,0.5585761800309119,0.8459790093996187,0.8546266908289248,0.7062653702300357,0.481,0.755,0.506,0.189,0.650,0.745,0.305,0.539,0.556,0.318,0.710,0.775,0.48138865689317734
agnostic,m3fd_day,WavKAN_32,16912,0.7481876097344539,0.6928649113285481,0.8867223427602455,0.5120742719340066,0.8510653841281651,0.8559755877610118,0.6904231604947462,0.478,0.747,0.500,0.189,0.648,0.753,0.302,0.537,0.554,0.321,0.711,0.789,0.4778512085112559
agnostic,m3fd_day,WavKAN_64,8712,0.7509679600557688,0.6920441816330324,0.885320993303211,0.5439558962061866,0.8469089071915148,0.8587407335654798,0.6788370484351888,0.479,0.749,0.505,0.190,0.652,0.748,0.307,0.542,0.559,0.325,0.715,0.786,0.4792087999894541
adaptive,m3fd_day,mlp,8464,0.7588588777237834,0.6857126544801665,0.890444435213253,0.5573219278102111,0.8571877332897018,0.8496523833706162,0.7128341321787517,0.481,0.757,0.510,0.191,0.650,0.762,0.305,0.540,0.557,0.327,0.711,0.797,0.4805082757220613
adaptive,m3fd_day,FastKAN_32_3,17182,0.7490124525310472,0.6861243779050306,0.8885218252515563,0.5093085759799144,0.8669896069677715,0.8453957666080001,0.6977345624740097,0.476,0.747,0.499,0.188,0.642,0.730,0.301,0.537,0.555,0.337,0.703,0.769,0.47644742110917626
adaptive,m3fd_day,FastKAN_32_2,13084,0.7550843179859944,0.6900186658444035,0.8845364836227476,0.5412092060260872,0.855710548332455,0.8577173918329364,0.7013136122573369,0.480,0.753,0.512,0.192,0.652,0.749,0.306,0.542,0.559,0.318,0.720,0.788,0.4800765336901356
adaptive,m3fd_day,FastKAN_64_3,8978,0.7559448098089129,0.6916675258317218,0.8891027620149256,0.5217111813388118,0.8652803901702998,0.8559315415377693,0.7119754579599491,0.483,0.754,0.506,0.195,0.649,0.754,0.306,0.543,0.560,0.337,0.711,0.791,0.4826143469454323
adaptive,m3fd_day,FastKAN_64_2,6928,0.7588216156678279,0.7069874033970538,0.8865315632077188,0.5312023869454637,0.8676557777255005,0.8607614564575077,0.6997911062737227,0.485,0.756,0.505,0.198,0.657,0.745,0.304,0.547,0.566,0.351,0.723,0.777,0.4850128641656487
adaptive,m3fd_day,EfficientKAN_32_3,32768,0.7457905991122215,0.6841371994014085,0.8902571139270586,0.4927090865317366,0.859960805614605,0.8513368669709955,0.6963425222275248,0.479,0.745,0.504,0.187,0.655,0.741,0.303,0.538,0.555,0.321,0.714,0.780,0.4791248017989111
adaptive,m3fd_day,EfficientKAN_32_2,28672,0.7520956010408417,0.6993142792779065,0.8882388049374423,0.5127211753968091,0.8560876908046428,0.8592484155163795,0.6969632403118697,0.482,0.751,0.510,0.190,0.653,0.755,0.304,0.542,0.557,0.319,0.715,0.791,0.4820140894791115
adaptive,m3fd_day,EfficientKAN_64_3,16384,0.7486052453577554,0.7012924191375234,0.8876812351310133,0.5053950171403524,0.8540880517604404,0.8485829942366307,0.6945917547405722,0.481,0.747,0.501,0.192,0.650,0.744,0.304,0.542,0.558,0.328,0.713,0.779,0.48062171572278023
adaptive,m3fd_day,EfficientKAN_64_2,14336,0.7466868357682976,0.6946759017883297,0.884261834756703,0.5037748567083213,0.8476888999594879,0.8545028917657351,0.6952166296312086,0.478,0.745,0.495,0.184,0.652,0.739,0.303,0.541,0.557,0.323,0.717,0.780,0.4778011093901777
adaptive,m3fd_day,EfficientKAN_dual_32_3,16384,0.751351729934676,0.703453736592273,0.885501322344735,0.5206749427208971,0.847924629481004,0.8507708562458938,0.6997848922232535,0.478,0.749,0.500,0.180,0.654,0.746,0.303,0.539,0.556,0.322,0.714,0.782,0.4783784004847797
adaptive,m3fd_day,EfficientKAN_dual_32_2,14336,0.7411258000202947,0.679303405357326,0.8793195638066402,0.5183795209439397,0.8449688843533785,0.8421715551294761,0.6826118705310075,0.473,0.739,0.506,0.177,0.646,0.744,0.305,0.534,0.553,0.312,0.711,0.783,0.47335657431202943
adaptive,m3fd_day,EfficientKAN_dual_64_3,8192,0.7502063075017681,0.679240622018614,0.8843482232021109,0.5393397376758444,0.8539944592903115,0.8542691288172688,0.6900456740064587,0.481,0.748,0.502,0.193,0.650,0.745,0.307,0.545,0.561,0.334,0.717,0.782,0.48142595342366773
adaptive,m3fd_day,EfficientKAN_dual_64_2,7168,0.7565802771616307,0.6886793079748528,0.8871311752392181,0.5566435576251008,0.845859794134104,0.8551931060789986,0.7059747219175099,0.482,0.755,0.505,0.189,0.653,0.745,0.306,0.539,0.556,0.318,0.709,0.777,0.48201447650266166
adaptive,m3fd_day,WavKAN_32,16912,0.7470475438916965,0.6922851068386726,0.8870022262858883,0.5112790763464262,0.8510795600969145,0.8564506800731366,0.6841886137091409,0.478,0.745,0.499,0.188,0.648,0.756,0.301,0.536,0.553,0.319,0.711,0.791,0.4775674887210638
adaptive,m3fd_day,WavKAN_64,8712,0.7485484748946915,0.691884796076014,0.8850279362912923,0.5346338050207518,0.8470737471115665,0.8593734216987212,0.6732971431698032,0.479,0.747,0.503,0.191,0.651,0.745,0.305,0.539,0.556,0.323,0.712,0.783,0.47857657879511856
agnostic,m3fd_night,mlp,8464,0.9254777058563982,0.8810283354546584,0.9713850711698753,1.0,1.0,1.0,0.700452828513856,0.675,0.924,0.773,0.241,0.700,0.861,0.493,0.704,0.719,0.411,0.732,0.880,0.674544513894606
agnostic,m3fd_night,FastKAN_32_3,17182,0.9257227156491745,0.8853706950674143,0.9716980962976369,1.0,1.0,1.0,0.6972675025299957,0.676,0.924,0.777,0.258,0.721,0.839,0.494,0.705,0.721,0.415,0.754,0.858,0.6757157186778463
agnostic,m3fd_night,FastKAN_32_2,13084,0.9182200752232967,0.8778508972243607,0.9713057675470218,0.9583333333333334,1.0,1.0,0.701830453235065,0.679,0.916,0.768,0.252,0.719,0.861,0.500,0.710,0.724,0.415,0.753,0.880,0.6788062208863692
agnostic,m3fd_night,FastKAN_64_3,8978,0.9221825262926199,0.8838274695543133,0.9747592502743097,1.0,1.0,1.0,0.6745084379270957,0.675,0.920,0.750,0.249,0.700,0.861,0.494,0.705,0.724,0.426,0.733,0.881,0.6746280656399816
agnostic,m3fd_night,FastKAN_64_2,6928,0.9247908437078659,0.8834141689462456,0.9717518079813168,1.0,1.0,1.0,0.6935790853196325,0.682,0.923,0.775,0.260,0.707,0.837,0.503,0.714,0.729,0.417,0.744,0.856,0.6815995900411295
agnostic,m3fd_night,EfficientKAN_32_3,32768,0.9097706269408506,0.8751804896476763,0.971613375253161,1.0,1.0,1.0,0.611829896744267,0.670,0.908,0.745,0.233,0.720,0.838,0.492,0.703,0.718,0.410,0.754,0.855,0.6696465843417309
agnostic,m3fd_night,EfficientKAN_32_2,28672,0.9299982556323751,0.8805748504740536,0.9715428219955393,1.0,1.0,1.0,0.7278718613246585,0.675,0.928,0.772,0.249,0.703,0.838,0.495,0.702,0.721,0.421,0.735,0.856,0.6752356010323826
agnostic,m3fd_night,EfficientKAN_64_3,16384,0.9209974358853371,0.8808230730069029,0.9725025100920835,1.0,1.0,1.0,0.6726590322130367,0.678,0.919,0.776,0.252,0.708,0.837,0.496,0.705,0.722,0.411,0.739,0.855,0.6781124498643303
agnostic,m3fd_night,EfficientKAN_64_2,14336,0.9141680771518986,0.8795892262140619,0.9755342188573195,0.9761904761904762,1.0,1.0,0.6536945416495343,0.674,0.913,0.772,0.239,0.705,0.836,0.497,0.707,0.723,0.416,0.740,0.855,0.6742664177517934
agnostic,m3fd_night,EfficientKAN_dual_32_3,16384,0.9246281786451277,0.8859964927605519,0.9732670935086443,1.0,1.0,1.0,0.6885054856015694,0.678,0.923,0.774,0.247,0.725,0.833,0.494,0.705,0.720,0.411,0.752,0.852,0.6778345521252557
agnostic,m3fd_night,EfficientKAN_dual_32_2,14336,0.9170787250288557,0.8760020797425406,0.9729246225814095,1.0,1.0,1.0,0.6535456478491831,0.669,0.914,0.769,0.231,0.701,0.840,0.488,0.697,0.712,0.397,0.731,0.860,0.6693941023349416
agnostic,m3fd_night,EfficientKAN_dual_64_3,8192,0.9264011437367743,0.8784919977181171,0.9711714159710902,0.9761904761904762,1.0,1.0,0.7325529725409627,0.680,0.925,0.769,0.252,0.723,0.835,0.500,0.710,0.726,0.422,0.756,0.855,0.6796992885368547
agnostic,m3fd_night,EfficientKAN_dual_64_2,7168,0.9168704536915113,0.8773773009661259,0.9711200264043531,1.0,1.0,1.0,0.6527253947785885,0.675,0.915,0.768,0.242,0.719,0.839,0.496,0.707,0.721,0.410,0.750,0.858,0.6747963689164843
agnostic,m3fd_night,WavKAN_32,16912,0.9224957470346249,0.873114466654985,0.9750592963796556,1.0,1.0,1.0,0.6868007191731084,0.681,0.920,0.784,0.266,0.700,0.866,0.498,0.709,0.725,0.429,0.730,0.885,0.6809005735180588
agnostic,m3fd_night,WavKAN_64,8712,0.9249641168460897,0.883405319384689,0.9728985459683325,0.9761904761904762,1.0,1.0,0.7172903595330402,0.679,0.923,0.777,0.250,0.705,0.837,0.502,0.710,0.726,0.421,0.740,0.858,0.679019570295376
adaptive,m3fd_night,mlp,8464,0.9254655494008294,0.8809901753715649,0.9713502925195556,1.0,1.0,1.0,0.700452828513856,0.675,0.924,0.773,0.241,0.701,0.860,0.493,0.704,0.719,0.411,0.732,0.880,0.6746542840507328
adaptive,m3fd_night,FastKAN_32_3,17182,0.9257479999610783,0.8853113664234401,0.9716668373069559,1.0,1.0,1.0,0.6975097960360739,0.676,0.924,0.777,0.259,0.721,0.839,0.494,0.705,0.721,0.415,0.754,0.858,0.6757731929152052
adaptive,m3fd_night,FastKAN_32_2,13084,0.9182065497672957,0.8778454013807724,0.9712669265530951,0.9583333333333334,1.0,1.0,0.7017936373365731,0.679,0.916,0.767,0.252,0.719,0.861,0.500,0.710,0.724,0.415,0.753,0.881,0.6788201881492342
adaptive,m3fd_night,FastKAN_64_3,8978,0.922225973113091,0.883987046900143,0.9747600225681198,1.0,1.0,1.0,0.6746087692102827,0.675,0.921,0.750,0.249,0.700,0.862,0.494,0.705,0.724,0.426,0.733,0.881,0.674817817652491
adaptive,m3fd_night,FastKAN_64_2,6928,0.9249027587120829,0.8833490445039619,0.9724884224489025,1.0,1.0,1.0,0.6935790853196325,0.682,0.923,0.775,0.260,0.707,0.837,0.503,0.714,0.729,0.417,0.744,0.856,0.6815274219039287
adaptive,m3fd_night,EfficientKAN_32_3,32768,0.9096987948989567,0.875260510780999,0.9711761675003352,1.0,1.0,1.0,0.611756091112406,0.670,0.908,0.745,0.233,0.720,0.838,0.492,0.703,0.718,0.410,0.754,0.856,0.6696485692260601
adaptive,m3fd_night,EfficientKAN_32_2,28672,0.9299929185321688,0.880542859163031,0.9715422478420345,1.0,1.0,1.0,0.7278724041879477,0.675,0.928,0.772,0.249,0.703,0.838,0.495,0.702,0.721,0.422,0.735,0.857,0.6754869251941379
adaptive,m3fd_night,EfficientKAN_64_3,16384,0.9209859045211576,0.8807451851655735,0.9724817926988525,1.0,1.0,1.0,0.6726884492625198,0.678,0.919,0.776,0.251,0.708,0.836,0.496,0.706,0.722,0.411,0.739,0.855,0.6781806295386856
adaptive,m3fd_night,EfficientKAN_64_2,14336,0.9141501229008907,0.8795676239256836,0.9755265619230029,0.9761904761904762,1.0,1.0,0.6536160753661814,0.674,0.913,0.772,0.239,0.705,0.836,0.497,0.707,0.723,0.417,0.739,0.855,0.6742574153134363
adaptive,m3fd_night,EfficientKAN_dual_32_3,16384,0.9245510354045644,0.8859677822823894,0.9732473048215733,1.0,1.0,1.0,0.6880911253234244,0.678,0.923,0.774,0.247,0.725,0.833,0.494,0.705,0.720,0.411,0.752,0.852,0.6777040711972288
adaptive,m3fd_night,EfficientKAN_dual_32_2,14336,0.9171088558219399,0.8762223958845656,0.9728913766128126,1.0,1.0,1.0,0.6535393624342617,0.669,0.914,0.769,0.231,0.701,0.839,0.488,0.697,0.712,0.397,0.731,0.859,0.6694207820932161
adaptive,m3fd_night,EfficientKAN_dual_64_3,8192,0.9263904872258454,0.8784248497284476,0.9711506330960185,0.9761904761904762,1.0,1.0,0.7325769643401296,0.680,0.925,0.769,0.252,0.723,0.835,0.500,0.710,0.727,0.422,0.756,0.855,0.6796715720205377
adaptive,m3fd_night,EfficientKAN_dual_64_2,7168,0.9168805545083042,0.8773822900062436,0.9711253586797508,1.0,1.0,1.0,0.6527756783638312,0.675,0.915,0.768,0.242,0.719,0.838,0.496,0.707,0.721,0.411,0.750,0.857,0.6747450043093015
adaptive,m3fd_night,WavKAN_32,16912,0.9225135874761401,0.8729585708338654,0.9750264793535618,1.0,1.0,1.0,0.6870964746694134,0.681,0.920,0.784,0.266,0.700,0.866,0.498,0.709,0.725,0.429,0.730,0.885,0.6809132015431907
adaptive,m3fd_night,WavKAN_64,8712,0.9249689574117103,0.8833919652012612,0.9728926267277183,0.9761904761904762,1.0,1.0,0.7173386763508067,0.679,0.923,0.776,0.250,0.705,0.837,0.502,0.710,0.726,0.421,0.741,0.858,0.6791178421321972
agnostic,m3fd_challenge,mlp,8464,0.8260343475374966,0.7464568176888866,0.8969210416426008,0.9353174603174603,0.8728333854505621,0.8793812642750242,0.6252961158504456,0.515,0.823,0.526,0.219,0.642,0.842,0.275,0.542,0.592,0.360,0.692,0.863,0.5150894711929973
agnostic,m3fd_challenge,FastKAN_32_3,17182,0.809496456009868,0.7188477472739621,0.8771715569920693,0.9408058188950639,0.8777053677202106,0.8636889699018117,0.578759275276091,0.506,0.809,0.531,0.227,0.631,0.830,0.271,0.538,0.590,0.398,0.678,0.854,0.5058684134818787
agnostic,m3fd_challenge,FastKAN_32_2,13084,0.8207898499962819,0.7256887575390047,0.8972123108658852,0.9440403180493299,0.9008997569714735,0.8438609887078098,0.6130369678441892,0.508,0.818,0.532,0.239,0.636,0.828,0.273,0.544,0.595,0.392,0.685,0.857,0.5082202429845674
agnostic,m3fd_challenge,FastKAN_64_3,8978,0.8130919385262608,0.724568849604003,0.8887371235511639,0.9180907215389973,0.8694237093655698,0.8599277184584532,0.6178035086393782,0.509,0.811,0.518,0.211,0.643,0.835,0.272,0.537,0.589,0.349,0.691,0.860,0.5085742825365471
agnostic,m3fd_challenge,FastKAN_64_2,6928,0.8030638752069809,0.7179233404074011,0.897565856645685,0.9277152988855117,0.8724281490639025,0.843558536447806,0.5591920697915785,0.507,0.801,0.531,0.230,0.638,0.844,0.276,0.540,0.593,0.378,0.691,0.871,0.506994666351722
agnostic,m3fd_challenge,EfficientKAN_32_3,32768,0.8184058684596592,0.7439160655907131,0.8928754047598955,0.9382224760485631,0.8757040732256249,0.8528126137029893,0.6069045774301695,0.511,0.817,0.533,0.235,0.652,0.844,0.274,0.542,0.597,0.385,0.707,0.868,0.511280522680716
agnostic,m3fd_challenge,EfficientKAN_32_2,28672,0.8069095068610919,0.7122391591136072,0.8940844602125069,0.9113971248876909,0.8708806543027434,0.8637527645581758,0.5891028780918276,0.509,0.805,0.536,0.206,0.640,0.831,0.273,0.537,0.587,0.334,0.688,0.859,0.5087170365378204
agnostic,m3fd_challenge,EfficientKAN_64_3,16384,0.814115189785867,0.7173165536264363,0.8918291164399144,0.9466625929585523,0.869308454121887,0.8505611203115,0.6090133012569116,0.511,0.812,0.536,0.249,0.630,0.835,0.273,0.542,0.593,0.387,0.681,0.860,0.5113259259944232
agnostic,m3fd_challenge,EfficientKAN_64_2,14336,0.8160350752829381,0.7473884949545454,0.8876755822892529,0.9513852813852814,0.8794039457635625,0.8351341830013194,0.5952229643036665,0.514,0.814,0.543,0.257,0.636,0.845,0.275,0.546,0.597,0.389,0.685,0.871,0.514397727326904
agnostic,m3fd_challenge,EfficientKAN_dual_32_3,16384,0.8200789399523716,0.7342655312271955,0.8920171645611646,0.9472458545039191,0.8666022353868481,0.8609061480098098,0.6194367060252924,0.514,0.818,0.540,0.244,0.641,0.836,0.278,0.543,0.596,0.381,0.690,0.864,0.5143894937770801
agnostic,m3fd_challenge,EfficientKAN_dual_32_2,14336,0.8201650436451562,0.7148434470194625,0.8984421582719002,0.945603791672865,0.8711728304375362,0.861281059690366,0.629646974778808,0.517,0.818,0.525,0.240,0.655,0.848,0.280,0.545,0.594,0.383,0.703,0.871,0.5166016587593725
agnostic,m3fd_challenge,EfficientKAN_dual_64_3,8192,0.8144033916987995,0.7186678884520312,0.8961907718753581,0.932738886427411,0.8657752995728037,0.866501888915682,0.6065456149495101,0.507,0.813,0.513,0.218,0.637,0.832,0.274,0.535,0.589,0.354,0.688,0.863,0.5067349856651072
agnostic,m3fd_challenge,EfficientKAN_dual_64_2,7168,0.8123173611296531,0.7143271175285477,0.8945434408241046,0.9408478145260244,0.8700145354564195,0.870087611369329,0.5840836470734938,0.516,0.811,0.538,0.224,0.642,0.842,0.277,0.549,0.601,0.379,0.691,0.865,0.5161436086996168
agnostic,m3fd_challenge,WavKAN_32,16912,0.8145337959641611,0.7246888362491931,0.8975008811495098,0.9384415584415584,0.8696213991913048,0.8622869926146859,0.5946631081387143,0.515,0.815,0.546,0.243,0.639,0.842,0.277,0.544,0.597,0.381,0.694,0.866,0.5152622747460609
agnostic,m3fd_challenge,WavKAN_64,8712,0.8192222284707279,0.744510002596682,0.8906173217146793,0.9437615503404978,0.8696249615249437,0.8609002906575073,0.605919243990058,0.517,0.817,0.543,0.252,0.651,0.840,0.279,0.548,0.600,0.389,0.698,0.867,0.5170066893045443
adaptive,m3fd_challenge,mlp,8464,0.8266951892526219,0.746523329536212,0.8977107837018796,0.9353607503607504,0.8728333854505621,0.8805268493311105,0.627216037135216,0.514,0.825,0.533,0.236,0.637,0.844,0.274,0.541,0.592,0.360,0.692,0.865,0.5143736871842234
adaptive,m3fd_challenge,FastKAN_32_3,17182,0.8118896099722769,0.7187007396123365,0.8748148535303506,0.9443385340087941,0.876814327553144,0.8680075343936846,0.5886616707353509,0.507,0.811,0.537,0.231,0.635,0.831,0.272,0.538,0.590,0.388,0.687,0.857,0.50735085298774
adaptive,m3fd_challenge,FastKAN_32_2,13084,0.8211245313644381,0.7254800496459803,0.8961356856611098,0.9438343253968254,0.9003338806136948,0.8481381183224227,0.6128251285465959,0.511,0.818,0.535,0.225,0.631,0.839,0.275,0.543,0.593,0.373,0.692,0.864,0.5105336115043053
adaptive,m3fd_challenge,FastKAN_64_3,8978,0.8211243696448354,0.7246350165913245,0.8943041607734532,0.9483812349345335,0.8694237093655698,0.8641261068030577,0.6258759894010737,0.514,0.819,0.526,0.254,0.626,0.843,0.275,0.541,0.595,0.391,0.683,0.866,0.513610615825244
adaptive,m3fd_challenge,FastKAN_64_2,6928,0.8047995030642414,0.7195629619804894,0.8933608621013459,0.9352001194743131,0.8722183588541123,0.8459675874605757,0.5624871285146121,0.507,0.802,0.530,0.244,0.637,0.841,0.276,0.540,0.593,0.377,0.691,0.872,0.5067013748164522
adaptive,m3fd_challenge,EfficientKAN_32_3,32768,0.8193604166266472,0.7445789695352069,0.8881549055166809,0.9428069626850115,0.875234878116234,0.8543039515266455,0.6110828323801045,0.512,0.817,0.540,0.242,0.631,0.844,0.274,0.543,0.598,0.382,0.699,0.869,0.5120196180591631
adaptive,m3fd_challenge,EfficientKAN_32_2,28672,0.8127082756072349,0.7119957405204906,0.8947155889903151,0.9326588412254145,0.8707964490953307,0.870846316868887,0.5952367169429715,0.514,0.810,0.548,0.238,0.641,0.838,0.277,0.542,0.593,0.371,0.697,0.863,0.5137315163388294
adaptive,m3fd_challenge,EfficientKAN_64_3,16384,0.8154225887511782,0.7179651953068107,0.8920622927504696,0.9543817293817294,0.869308454121887,0.8543636083608432,0.6044542525853303,0.514,0.814,0.543,0.246,0.639,0.837,0.273,0.544,0.596,0.391,0.699,0.862,0.5139526008673747
adaptive,m3fd_challenge,EfficientKAN_64_2,14336,0.820994590132055,0.7482868826958538,0.8916721542683976,0.958034188034188,0.8791829861676029,0.8391379836528974,0.6096533459733905,0.518,0.819,0.553,0.259,0.646,0.851,0.276,0.547,0.597,0.392,0.703,0.874,0.5181527049678772
adaptive,m3fd_challenge,EfficientKAN_dual_32_3,16384,0.8219890055135327,0.7353827891729765,0.8942132310396713,0.9529880284597265,0.8669883765817126,0.8621413630989803,0.6202202447281292,0.520,0.820,0.552,0.248,0.642,0.847,0.279,0.548,0.600,0.397,0.701,0.870,0.5198751617930163
adaptive,m3fd_challenge,EfficientKAN_dual_32_2,14336,0.8255883771650906,0.7144357870287146,0.8981564871515664,0.9593211451247166,0.8711728304375362,0.8637719533090598,0.6466720599389506,0.517,0.824,0.531,0.249,0.646,0.841,0.279,0.543,0.593,0.380,0.703,0.866,0.5165920638612348
adaptive,m3fd_challenge,EfficientKAN_dual_64_3,8192,0.8162346248705483,0.7186525827378859,0.8956099259284118,0.9481662796046357,0.865468799981663,0.8707984949180769,0.5987116660526167,0.511,0.815,0.517,0.230,0.639,0.837,0.276,0.540,0.594,0.387,0.699,0.867,0.5113403635216729
adaptive,m3fd_challenge,EfficientKAN_dual_64_2,7168,0.8103625755208513,0.7142754294059629,0.8873918142112156,0.9369284892818763,0.8696415992740189,0.8705721466192684,0.5833659743327663,0.514,0.808,0.540,0.212,0.634,0.835,0.275,0.545,0.595,0.349,0.692,0.860,0.5139130796357892
adaptive,m3fd_challenge,WavKAN_32,16912,0.8124404418867597,0.7248334928064816,0.8938877313777434,0.9393488505298239,0.8692160730691019,0.8660797522716501,0.5812767512657568,0.517,0.810,0.559,0.245,0.654,0.845,0.278,0.547,0.599,0.385,0.704,0.870,0.517464011219227
adaptive,m3fd_challenge,WavKAN_64,8712,0.8243688477888852,0.7453623466514807,0.8905156972790429,0.9591134792626729,0.8695478665880357,0.8600333372734861,0.6216403596785931,0.517,0.823,0.543,0.251,0.642,0.838,0.277,0.548,0.599,0.384,0.698,0.869,0.5169981698363274
agnostic,m3fd_overcast,mlp,8464,0.8515256437419375,0.864749542320555,0.9189784874104072,0.6717751479289942,0.939484126984127,0.8888888888888888,0.825277668918653,0.559,0.849,0.582,0.210,0.691,0.869,0.400,0.602,0.623,0.313,0.748,0.882,0.5591777979828775
agnostic,m3fd_overcast,FastKAN_32_3,17182,0.8445720240962657,0.8740617254245735,0.9189925161448529,0.6071714174335657,0.939484126984127,0.9022222222222221,0.8255001363682531,0.557,0.841,0.579,0.211,0.684,0.885,0.396,0.610,0.621,0.324,0.746,0.899,0.557117352917235
agnostic,m3fd_overcast,FastKAN_32_2,13084,0.84100296887607,0.871533214994487,0.9236146191849024,0.5645502645502645,0.9487179487179488,0.9081196581196581,0.8294821076891588,0.560,0.838,0.597,0.214,0.688,0.858,0.404,0.606,0.616,0.321,0.741,0.873,0.5599261812104502
agnostic,m3fd_overcast,FastKAN_64_3,8978,0.8416337340454042,0.8744157282471035,0.9239524374836583,0.6021555415292019,0.9533730158730158,0.8888888888888888,0.807016792250557,0.557,0.839,0.583,0.213,0.682,0.859,0.399,0.598,0.609,0.300,0.734,0.874,0.5566279485710086
agnostic,m3fd_overcast,FastKAN_64_2,6928,0.8349885590084044,0.8752812260155971,0.9205216502014826,0.5638017341214325,0.939484126984127,0.9033816425120772,0.8074609742157094,0.551,0.832,0.584,0.208,0.675,0.862,0.395,0.600,0.612,0.320,0.734,0.879,0.5512778934642523
agnostic,m3fd_overcast,EfficientKAN_32_3,32768,0.8459814954265547,0.8723809598638517,0.9208592561101956,0.6107548666495156,0.9487179487179488,0.9084967320261438,0.8146792091916729,0.558,0.843,0.578,0.212,0.683,0.865,0.399,0.613,0.624,0.346,0.747,0.891,0.558098565294215
agnostic,m3fd_overcast,EfficientKAN_32_2,28672,0.8425647492062677,0.86850454746659,0.9298655207047102,0.6013983407791029,0.939484126984127,0.8888888888888888,0.827247070414187,0.555,0.840,0.573,0.209,0.688,0.864,0.395,0.598,0.608,0.301,0.741,0.876,0.5545517263612431
agnostic,m3fd_overcast,EfficientKAN_64_3,16384,0.8379206898384973,0.8659081199345549,0.9217022442085647,0.5870683496070493,0.9464285714285714,0.8993055555555555,0.8071112982966873,0.544,0.835,0.558,0.205,0.681,0.805,0.389,0.594,0.606,0.325,0.731,0.820,0.5439718826555072
agnostic,m3fd_overcast,EfficientKAN_64_2,14336,0.8425980256206564,0.87243817631932,0.9174113335813092,0.6133089133089134,0.939484126984127,0.8951781970649895,0.8177674064652805,0.551,0.840,0.591,0.207,0.683,0.868,0.394,0.603,0.614,0.377,0.733,0.886,0.5509505286493186
agnostic,m3fd_overcast,EfficientKAN_dual_32_3,16384,0.8330639546168052,0.865866398665621,0.9242400621855165,0.5499644252295366,0.939484126984127,0.9006535947712417,0.8181751198647876,0.550,0.830,0.579,0.204,0.682,0.881,0.396,0.605,0.617,0.339,0.742,0.897,0.5500463182001125
agnostic,m3fd_overcast,EfficientKAN_dual_32_2,14336,0.8360783658061629,0.8573835072030102,0.9239968784919834,0.584241239529701,0.9416666666666667,0.9067460317460317,0.8024358711995841,0.555,0.833,0.571,0.204,0.683,0.879,0.400,0.604,0.616,0.369,0.732,0.892,0.5546659929822019
agnostic,m3fd_overcast,EfficientKAN_dual_64_3,8192,0.8404247412880191,0.8662281206518077,0.920010331318422,0.589370601267035,0.9464285714285714,0.8888888888888888,0.8316219341733905,0.557,0.837,0.579,0.211,0.699,0.851,0.397,0.599,0.610,0.302,0.750,0.863,0.5574879588755759
agnostic,m3fd_overcast,EfficientKAN_dual_64_2,7168,0.8372993984533803,0.8643270804691661,0.9248764784438929,0.5813930486387062,0.9487179487179488,0.8888888888888888,0.8155929455616794,0.548,0.834,0.578,0.205,0.674,0.857,0.390,0.594,0.612,0.303,0.737,0.874,0.5478558061766314
agnostic,m3fd_overcast,WavKAN_32,16912,0.8391661789978336,0.8715817163195526,0.9161310128298399,0.586341805994714,0.939484126984127,0.8888888888888888,0.83256952296988,0.554,0.836,0.557,0.207,0.691,0.872,0.389,0.598,0.612,0.301,0.745,0.890,0.5535389141862525
agnostic,m3fd_overcast,WavKAN_64,8712,0.8371787991429932,0.8646149070736338,0.919867290324879,0.5842054636125689,0.9464285714285714,0.8914205344585091,0.8165360279597963,0.555,0.834,0.583,0.203,0.682,0.884,0.397,0.603,0.627,0.420,0.743,0.897,0.5546793446513725
adaptive,m3fd_overcast,mlp,8464,0.8514010620081568,0.8641602825979946,0.9188171011370747,0.6717751479289942,0.939484126984127,0.8888888888888888,0.8252808245118617,0.562,0.849,0.583,0.210,0.691,0.890,0.402,0.604,0.625,0.313,0.747,0.903,0.5620545846929905
adaptive,m3fd_overcast,FastKAN_32_3,17182,0.8443954824096682,0.8756282351667679,0.9180334046051049,0.6053551781173264,0.939484126984127,0.9025875190258752,0.8252844305588083,0.558,0.842,0.579,0.211,0.685,0.885,0.396,0.610,0.621,0.324,0.746,0.899,0.5576031788442547
adaptive,m3fd_overcast,FastKAN_32_2,13084,0.8409659645273712,0.8715438399385053,0.9229933422549566,0.5645502645502645,0.9487179487179488,0.9081196581196581,0.8298707335828934,0.560,0.838,0.597,0.214,0.687,0.858,0.404,0.606,0.616,0.322,0.740,0.872,0.5604940471648392
adaptive,m3fd_overcast,FastKAN_64_3,8978,0.8415517298192904,0.8745018422915096,0.923371663497039,0.6021555415292019,0.9533730158730158,0.8888888888888888,0.8070194268360876,0.557,0.839,0.583,0.212,0.682,0.859,0.399,0.598,0.609,0.299,0.734,0.875,0.5566336788103815
adaptive,m3fd_overcast,FastKAN_64_2,6928,0.8349303097385632,0.8752965085877702,0.9201505379280046,0.5638017341214325,0.939484126984127,0.9033816425120772,0.8074673082979674,0.552,0.832,0.583,0.207,0.675,0.861,0.395,0.600,0.612,0.319,0.733,0.878,0.5515227966219822
adaptive,m3fd_overcast,EfficientKAN_32_3,32768,0.8456654476780496,0.8723513694413959,0.9193696339481064,0.6107548666495156,0.9487179487179488,0.9081196581196581,0.8146792091916729,0.558,0.843,0.579,0.212,0.683,0.865,0.399,0.613,0.624,0.346,0.747,0.891,0.5581121438542799
adaptive,m3fd_overcast,EfficientKAN_32_2,28672,0.8426590828509921,0.8698355580585573,0.9290882175107191,0.6013983407791029,0.939484126984127,0.8888888888888888,0.8272593648845582,0.555,0.839,0.573,0.209,0.688,0.865,0.395,0.599,0.609,0.301,0.742,0.877,0.5552335328266599
adaptive,m3fd_overcast,EfficientKAN_64_3,16384,0.8377879961371537,0.8660170889949377,0.9208070419870512,0.5870683496070493,0.9464285714285714,0.8991981672394043,0.8072087575659076,0.541,0.835,0.558,0.204,0.682,0.783,0.387,0.592,0.604,0.325,0.731,0.798,0.5411236363453976
adaptive,m3fd_overcast,EfficientKAN_64_2,14336,0.8426822345505025,0.8726253874546976,0.9177686842011075,0.6133089133089134,0.939484126984127,0.8951388888888888,0.8177674064652805,0.551,0.840,0.590,0.208,0.683,0.868,0.394,0.603,0.614,0.378,0.734,0.885,0.5509359463703108
adaptive,m3fd_overcast,EfficientKAN_dual_32_3,16384,0.8335204525177827,0.8671027425471249,0.9255818371367799,0.5499644252295366,0.939484126984127,0.9007936507936507,0.8181959324154771,0.550,0.831,0.579,0.204,0.682,0.881,0.396,0.605,0.618,0.340,0.742,0.896,0.5501783276787571
adaptive,m3fd_overcast,EfficientKAN_dual_32_2,14336,0.8360044616176728,0.8575223520216431,0.9234266728878218,0.584241239529701,0.9416666666666667,0.907070707070707,0.8020991315294974,0.555,0.834,0.571,0.204,0.683,0.878,0.400,0.604,0.616,0.369,0.732,0.891,0.5545095070575811
adaptive,m3fd_overcast,EfficientKAN_dual_64_3,8192,0.840307493438536,0.8663656206237718,0.9191881555664472,0.589370601267035,0.9464285714285714,0.8888888888888888,0.8316031228565023,0.558,0.837,0.580,0.211,0.699,0.851,0.397,0.599,0.610,0.302,0.751,0.863,0.5575289423593977
adaptive,m3fd_overcast,EfficientKAN_dual_64_2,7168,0.8355627252769265,0.8642156901025431,0.9245712997902877,0.5813930486387062,0.9487179487179488,0.8888888888888888,0.805589475523185,0.549,0.833,0.578,0.205,0.673,0.858,0.390,0.593,0.611,0.302,0.734,0.874,0.5486857285167626
adaptive,m3fd_overcast,WavKAN_32,16912,0.8387620134599948,0.8711936678706098,0.9141081311280064,0.5863170411121368,0.939484126984127,0.8888888888888888,0.8325802247761998,0.552,0.836,0.558,0.206,0.690,0.873,0.388,0.596,0.610,0.300,0.743,0.891,0.5523503491006448
adaptive,m3fd_overcast,WavKAN_64,8712,0.8372627516242965,0.8646695729607113,0.920335422081172,0.5842054636125689,0.9464285714285714,0.8914014517029591,0.8165360279597963,0.555,0.834,0.584,0.203,0.682,0.884,0.397,0.603,0.627,0.420,0.743,0.897,0.555167125062562
